user_id,product_id,action,timestamp
U328,P029,view,2024-10-14 23:45:05
U141,P063,purchase,2024-02-24 04:35:15
U378,P027,click,2024-08-17 07:47:20
U217,P009,view,2024-02-06 09:18:10
U112,P060,view,2024-08-05 23:10:59
U102,P184,share,2024-03-26 14:39:19
U230,P151,wishlist,2024-11-10 08:26:19
U446,P002,add_to_cart,2024-09-28 03:07:50
U217,P088,wishlist,2024-03-01 09:10:26
U111,P196,remove_from_cart,2024-02-09 16:40:07
U048,P098,click,2024-05-19 09:55:49
U434,P089,wishlist,2024-11-09 10:58:50
U023,P187,review,2024-07-27 06:00:29
U064,P097,click,2024-08-02 09:23:29
U151,P161,remove_from_cart,2024-08-12 05:18:43
U099,P181,click,2024-01-18 19:06:51
U339,P059,wishlist,2024-01-31 23:42:54
U438,P060,click,2024-05-27 15:01:59
U143,P117,remove_from_cart,2024-03-04 04:02:45
U190,P091,purchase,2024-09-17 06:29:07
U137,P180,click,2024-08-24 13:30:44
U326,P044,purchase,2024-03-04 11:01:17
U237,P098,wishlist,2024-12-25 09:16:15
U328,P177,purchase,2024-09-22 21:04:02
U167,P197,view,2024-03-29 22:52:57
U421,P009,remove_from_cart,2024-06-04 19:07:36
U138,P017,purchase,2024-12-20 15:02:43
U483,P146,remove_from_cart,2024-03-23 13:49:22
U336,P128,share,2024-12-09 13:50:40
U469,P165,review,2024-02-25 11:39:35
U136,P036,purchase,2024-10-16 07:48:02
U288,P138,wishlist,2024-10-17 02:40:24
U300,P110,share,2024-05-20 14:03:05
U113,P036,review,2024-02-05 07:20:13
U387,P013,click,2024-02-29 08:35:03
U322,P041,share,2024-08-19 14:56:06
U033,P099,share,2024-08-19 10:04:57
U240,P136,wishlist,2024-08-02 20:26:20
U441,P003,click,2024-09-21 18:00:04
U454,P138,wishlist,2024-10-25 11:51:33
U329,P088,click,2024-04-23 23:37:10
U223,P041,review,2024-01-02 06:14:54
U489,P185,wishlist,2024-07-13 09:48:02
U391,P046,click,2024-12-04 01:49:16
U321,P077,purchase,2024-02-29 08:33:54
U192,P196,add_to_cart,2024-07-28 11:22:36
U489,P200,view,2024-08-20 14:34:05
U166,P126,view,2024-02-13 10:40:57
U476,P093,wishlist,2024-04-02 23:51:26
U030,P062,click,2024-02-03 06:20:52
U375,P125,click,2024-10-22 09:19:33
U273,P197,add_to_cart,2024-02-19 20:41:42
U338,P122,add_to_cart,2024-04-12 22:30:24
U271,P156,share,2024-03-23 06:06:08
U476,P139,purchase,2024-10-03 21:09:57
U160,P103,remove_from_cart,2024-06-19 03:23:19
U461,P133,review,2024-02-16 23:50:27
U127,P058,click,2024-05-11 07:11:09
U011,P151,purchase,2024-08-16 12:39:33
U113,P002,click,2024-10-01 21:33:20
U324,P016,purchase,2024-01-27 04:12:59
U464,P009,remove_from_cart,2024-01-28 12:26:18
U264,P061,wishlist,2024-09-16 19:19:29
U249,P055,add_to_cart,2024-10-07 22:08:04
U479,P147,review,2024-04-04 08:53:54
U402,P122,share,2024-03-14 22:44:56
U049,P025,share,2024-05-17 14:17:33
U217,P106,review,2024-12-01 11:32:31
U374,P014,click,2024-01-24 12:57:03
U207,P187,remove_from_cart,2024-11-06 22:03:46
U442,P028,purchase,2024-03-15 09:44:56
U098,P138,review,2024-02-24 10:35:37
U217,P047,wishlist,2024-06-28 16:00:22
U128,P020,review,2024-11-09 19:18:47
U442,P141,click,2024-01-20 15:31:02
U334,P139,view,2024-02-06 05:16:19
U475,P193,purchase,2024-03-05 14:07:54
U209,P125,review,2024-03-24 00:16:09
U443,P103,view,2024-03-04 22:31:45
U195,P001,share,2024-04-12 23:52:17
U475,P117,wishlist,2024-06-13 06:42:55
U357,P188,review,2024-03-01 02:48:39
U098,P076,purchase,2024-01-23 17:06:13
U297,P189,view,2024-10-17 11:38:15
U161,P015,view,2024-08-14 20:55:47
U245,P129,add_to_cart,2024-01-23 02:09:21
U492,P131,click,2024-11-26 15:05:15
U096,P018,click,2024-09-19 05:26:13
U442,P061,share,2024-02-16 13:25:27
U483,P146,purchase,2024-08-12 19:55:00
U305,P011,click,2024-06-11 19:27:33
U337,P150,remove_from_cart,2024-12-29 00:05:37
U134,P053,remove_from_cart,2024-04-02 16:42:51
U136,P102,add_to_cart,2024-09-17 20:36:23
U331,P077,review,2024-05-02 18:59:06
U476,P193,click,2024-01-04 14:49:34
U235,P160,click,2024-01-29 10:50:21
U276,P055,wishlist,2024-02-21 10:35:04
U478,P090,click,2024-12-07 11:23:33
U126,P095,wishlist,2024-03-02 06:18:25
U225,P140,wishlist,2024-08-25 13:14:59
U414,P168,view,2024-09-16 08:56:10
U419,P142,wishlist,2024-12-27 20:35:44
U340,P027,add_to_cart,2024-04-12 17:00:03
U060,P028,add_to_cart,2024-04-15 18:28:09
U145,P155,purchase,2024-10-05 16:37:49
U176,P053,wishlist,2024-07-15 06:45:13
U251,P065,view,2024-02-05 20:17:02
U325,P109,wishlist,2024-01-18 02:55:06
U002,P086,add_to_cart,2024-09-04 10:19:37
U135,P042,review,2024-08-02 06:02:03
U362,P110,view,2024-02-13 10:44:24
U039,P177,add_to_cart,2024-07-30 21:16:12
U019,P095,add_to_cart,2024-06-15 21:54:09
U066,P011,wishlist,2024-05-21 14:47:54
U461,P011,remove_from_cart,2024-03-22 14:03:18
U350,P064,click,2024-05-17 08:31:25
U400,P144,share,2024-08-29 00:59:04
U384,P040,purchase,2024-12-01 18:42:33
U084,P046,share,2024-01-10 15:01:32
U092,P189,remove_from_cart,2024-10-30 20:22:14
U477,P106,purchase,2024-04-13 14:48:34
U082,P180,click,2024-05-28 13:32:50
U447,P010,review,2024-03-27 09:13:57
U103,P118,remove_from_cart,2024-04-28 12:35:06
U421,P059,purchase,2024-01-10 04:34:06
U338,P050,share,2024-05-07 11:37:23
U143,P018,wishlist,2024-05-16 08:55:08
U329,P131,share,2024-09-20 21:34:04
U432,P138,remove_from_cart,2024-12-30 18:19:28
U015,P030,wishlist,2024-03-10 08:22:21
U298,P068,view,2024-02-12 02:23:05
U306,P112,remove_from_cart,2024-10-09 22:31:55
U403,P081,share,2024-08-23 10:16:33
U262,P030,share,2024-12-15 07:59:30
U296,P049,wishlist,2024-01-18 05:42:44
U363,P112,view,2024-07-20 22:00:31
U474,P138,purchase,2024-05-21 10:47:24
U221,P018,remove_from_cart,2024-08-30 00:13:45
U161,P170,click,2024-10-06 12:35:45
U461,P077,wishlist,2024-09-15 23:53:32
U210,P084,share,2024-09-27 18:27:12
U152,P142,add_to_cart,2024-03-15 12:04:45
U216,P171,share,2024-09-20 01:03:38
U384,P045,wishlist,2024-06-06 16:53:41
U281,P001,wishlist,2024-04-21 10:13:46
U108,P111,remove_from_cart,2024-06-29 14:00:14
U227,P114,purchase,2024-07-17 12:29:13
U243,P189,add_to_cart,2024-09-12 20:56:02
U044,P073,remove_from_cart,2024-02-06 06:25:54
U420,P193,purchase,2024-09-18 06:54:36
U159,P058,purchase,2024-02-27 05:26:18
U013,P012,purchase,2024-07-03 12:35:30
U313,P197,click,2024-06-25 20:47:10
U213,P162,purchase,2024-10-05 23:28:09
U357,P099,review,2024-06-04 05:02:04
U125,P038,view,2024-12-12 16:11:33
U385,P198,click,2024-10-29 07:24:14
U218,P057,add_to_cart,2024-11-08 06:50:49
U491,P179,review,2024-01-20 12:04:09
U286,P064,click,2024-06-26 06:31:57
U069,P119,remove_from_cart,2024-10-20 07:26:25
U457,P114,share,2024-11-18 13:27:56
U465,P141,review,2024-12-14 10:35:08
U082,P191,review,2024-06-23 18:57:15
U133,P193,purchase,2024-11-22 04:05:22
U327,P071,review,2024-08-31 09:43:07
U123,P071,review,2024-01-31 02:11:49
U366,P074,purchase,2024-04-15 12:34:06
U172,P082,click,2024-02-23 17:44:23
U078,P060,share,2024-09-26 12:04:51
U079,P181,purchase,2024-01-25 22:39:22
U213,P105,remove_from_cart,2024-07-29 17:30:08
U239,P107,view,2024-03-21 07:50:10
U427,P108,share,2024-12-17 09:42:21
U395,P150,view,2024-11-28 17:19:16
U451,P196,share,2024-07-04 05:46:24
U004,P091,wishlist,2024-10-19 14:53:49
U200,P108,purchase,2024-07-08 14:37:42
U113,P070,share,2024-07-07 14:30:41
U015,P100,remove_from_cart,2024-09-16 18:21:14
U348,P104,add_to_cart,2024-11-22 10:04:50
U240,P033,view,2024-12-18 05:11:22
U202,P152,view,2024-02-02 14:26:49
U330,P110,add_to_cart,2024-12-02 15:38:24
U237,P047,view,2024-04-11 00:49:57
U195,P084,purchase,2024-06-25 14:06:17
U168,P087,share,2024-04-18 01:32:22
U386,P108,wishlist,2024-11-20 05:56:01
U042,P121,view,2024-10-17 21:24:43
U277,P014,remove_from_cart,2024-03-28 01:54:07
U333,P018,view,2024-10-19 21:57:46
U016,P064,purchase,2024-11-21 22:10:47
U011,P160,add_to_cart,2024-04-02 15:24:00
U065,P122,click,2024-08-07 00:34:38
U486,P056,review,2024-09-28 15:29:09
U132,P197,remove_from_cart,2024-03-06 03:54:29
U311,P156,click,2024-10-29 01:32:44
U420,P042,wishlist,2024-02-11 23:33:12
U297,P007,wishlist,2024-08-11 14:48:52
U347,P097,share,2024-10-04 16:25:12
U102,P020,purchase,2024-02-09 13:47:20
U357,P198,wishlist,2024-11-26 05:18:26
U351,P154,click,2024-11-05 05:22:31
U290,P011,remove_from_cart,2024-07-25 21:32:44
U220,P170,remove_from_cart,2024-01-27 18:43:24
U260,P166,remove_from_cart,2024-01-05 21:55:35
U435,P108,review,2024-02-10 23:41:36
U222,P093,review,2024-10-01 16:35:39
U079,P112,add_to_cart,2024-10-11 23:28:04
U268,P167,wishlist,2024-08-27 04:43:09
U414,P138,review,2024-06-29 12:56:15
U224,P188,wishlist,2024-05-05 04:05:47
U437,P063,click,2024-04-18 07:47:58
U452,P116,purchase,2024-10-18 10:56:45
U238,P146,share,2024-05-10 15:26:37
U015,P127,remove_from_cart,2024-03-11 14:52:13
U250,P055,remove_from_cart,2024-11-05 20:20:11
U133,P088,wishlist,2024-12-07 21:10:36
U306,P180,wishlist,2024-08-03 20:20:52
U006,P133,purchase,2024-02-03 05:58:14
U124,P185,share,2024-07-08 17:52:32
U285,P195,purchase,2024-09-25 04:56:44
U244,P166,review,2024-06-23 01:17:22
U406,P005,click,2024-04-24 06:28:27
U114,P104,purchase,2024-04-28 22:02:49
U340,P149,remove_from_cart,2024-07-02 19:06:26
U284,P136,remove_from_cart,2024-06-14 05:58:58
U382,P141,remove_from_cart,2024-05-16 15:06:42
U360,P117,wishlist,2024-04-29 01:56:00
U129,P060,click,2024-10-07 02:51:26
U099,P081,click,2024-10-15 12:09:12
U275,P196,add_to_cart,2024-03-15 09:17:28
U111,P190,review,2024-04-17 09:09:47
U371,P151,wishlist,2024-02-09 00:58:16
U427,P050,wishlist,2024-03-29 08:17:48
U185,P046,wishlist,2024-01-06 11:52:20
U363,P137,add_to_cart,2024-04-16 12:46:00
U024,P014,wishlist,2024-09-27 20:24:04
U484,P033,review,2024-02-09 20:11:10
U447,P004,wishlist,2024-07-01 07:05:47
U246,P113,remove_from_cart,2024-03-12 14:23:38
U495,P014,wishlist,2024-11-30 15:50:24
U245,P030,click,2024-06-04 14:51:50
U252,P019,view,2024-02-28 22:11:53
U077,P145,wishlist,2024-02-03 01:56:36
U128,P031,share,2024-08-23 11:17:24
U306,P159,purchase,2024-10-28 05:59:16
U268,P098,review,2024-12-18 19:52:28
U227,P077,share,2024-04-28 14:21:00
U292,P159,view,2024-08-24 18:10:18
U492,P190,click,2024-10-23 05:13:30
U107,P161,purchase,2024-04-12 18:40:50
U339,P021,add_to_cart,2024-04-03 03:42:19
U089,P142,click,2024-03-01 18:59:23
U002,P105,review,2024-09-24 17:24:16
U305,P121,wishlist,2024-01-13 16:13:31
U119,P074,wishlist,2024-09-30 00:19:08
U441,P117,click,2024-09-23 22:53:30
U120,P068,purchase,2024-06-14 02:34:56
U059,P140,purchase,2024-09-08 12:23:35
U077,P069,add_to_cart,2024-01-28 17:35:16
U031,P043,wishlist,2024-08-19 02:12:44
U384,P146,wishlist,2024-06-19 13:12:24
U064,P120,wishlist,2024-09-28 17:59:26
U207,P070,review,2024-06-19 00:12:30
U042,P154,view,2024-12-11 10:01:19
U222,P189,remove_from_cart,2024-08-22 11:01:08
U129,P007,click,2024-03-29 21:43:48
U493,P173,view,2024-10-24 00:05:00
U345,P069,view,2024-10-23 08:41:29
U388,P045,review,2024-07-20 13:05:36
U334,P114,wishlist,2024-03-11 11:36:05
U300,P112,review,2024-02-05 10:26:27
U241,P090,share,2024-05-09 10:39:33
U165,P172,click,2024-11-29 02:39:06
U083,P085,share,2024-09-26 09:30:26
U254,P074,share,2024-11-11 22:59:06
U390,P141,view,2024-06-25 15:17:05
U046,P081,wishlist,2024-05-05 13:07:48
U060,P198,share,2024-12-01 21:33:03
U264,P001,review,2024-06-09 11:44:47
U028,P049,remove_from_cart,2024-08-29 19:22:05
U388,P128,review,2024-10-22 03:37:30
U027,P053,wishlist,2024-08-01 07:05:53
U068,P074,review,2024-12-08 02:05:07
U358,P125,click,2024-01-12 05:04:57
U499,P162,purchase,2024-10-02 15:39:19
U082,P080,view,2024-08-02 11:21:22
U209,P024,purchase,2024-11-22 18:28:09
U468,P030,review,2024-02-15 14:51:49
U332,P040,review,2024-12-28 04:57:23
U367,P075,wishlist,2024-06-10 08:39:02
U428,P124,review,2024-04-04 15:44:12
U234,P142,add_to_cart,2024-05-28 23:16:50
U098,P154,add_to_cart,2024-12-01 13:18:53
U036,P071,share,2024-05-11 23:52:00
U479,P130,wishlist,2024-11-14 16:04:31
U002,P073,wishlist,2024-11-21 05:50:28
U301,P149,review,2024-12-02 00:48:47
U077,P115,review,2024-05-14 00:47:17
U171,P142,share,2024-06-25 20:07:09
U478,P083,purchase,2024-09-27 21:09:23
U123,P147,share,2024-03-31 16:57:35
U439,P199,share,2024-01-17 22:49:20
U163,P191,review,2024-09-30 21:12:00
U468,P098,share,2024-09-14 18:01:41
U406,P167,add_to_cart,2024-07-11 08:47:51
U494,P010,add_to_cart,2024-07-14 01:41:34
U495,P152,remove_from_cart,2024-12-03 18:11:40
U052,P113,click,2024-07-23 06:13:09
U467,P117,view,2024-10-07 13:39:52
U074,P105,add_to_cart,2024-01-30 01:26:59
U241,P068,remove_from_cart,2024-08-30 01:11:55
U355,P102,click,2024-11-26 19:01:40
U169,P173,share,2024-05-02 23:29:45
U321,P184,review,2024-12-04 19:11:56
U278,P010,click,2024-04-01 04:13:02
U324,P176,wishlist,2024-03-29 08:19:32
U383,P024,share,2024-02-08 05:33:23
U390,P163,click,2024-06-21 07:23:01
U086,P178,wishlist,2024-12-16 20:31:21
U015,P012,remove_from_cart,2024-11-05 04:35:41
U029,P076,remove_from_cart,2024-05-25 13:46:19
U221,P038,purchase,2024-07-25 06:49:44
U211,P145,add_to_cart,2024-03-07 00:21:44
U090,P021,share,2024-08-28 16:07:09
U350,P062,review,2024-12-20 12:10:59
U299,P037,purchase,2024-06-28 02:13:43
U327,P066,review,2024-04-09 03:49:02
U342,P003,review,2024-12-15 23:52:50
U148,P174,add_to_cart,2024-01-29 16:26:34
U227,P089,wishlist,2024-09-05 03:20:25
U493,P109,wishlist,2024-06-26 10:01:06
U433,P078,purchase,2024-05-29 09:36:03
U437,P124,click,2024-04-02 02:55:02
U196,P147,remove_from_cart,2024-08-11 05:38:07
U152,P180,wishlist,2024-01-09 12:29:30
U425,P169,share,2024-04-16 14:20:33
U005,P145,view,2024-12-19 15:33:54
U311,P191,review,2024-11-19 10:37:16
U463,P074,purchase,2024-08-23 18:15:21
U411,P091,purchase,2024-09-04 05:42:31
U098,P159,wishlist,2024-09-20 05:13:21
U387,P185,add_to_cart,2024-08-31 23:41:48
U050,P161,view,2024-04-29 23:27:47
U404,P113,view,2024-08-13 02:01:09
U187,P188,add_to_cart,2024-02-05 00:06:14
U466,P076,remove_from_cart,2024-10-17 07:01:35
U213,P045,purchase,2024-02-21 07:49:06
U403,P139,remove_from_cart,2024-07-25 03:54:09
U257,P070,add_to_cart,2024-04-09 19:08:05
U468,P124,wishlist,2024-10-16 22:26:14
U446,P087,click,2024-06-30 21:09:53
U494,P020,add_to_cart,2024-10-19 21:12:04
U495,P058,share,2024-11-24 10:54:35
U412,P143,remove_from_cart,2024-02-05 01:41:01
U405,P102,view,2024-04-12 16:55:57
U275,P032,review,2024-05-23 03:28:02
U345,P192,wishlist,2024-08-15 00:29:41
U196,P164,remove_from_cart,2024-02-12 01:51:31
U346,P060,review,2024-01-10 17:14:47
U318,P144,remove_from_cart,2024-12-21 10:48:12
U313,P057,click,2024-09-03 18:23:37
U422,P119,wishlist,2024-09-09 03:21:00
U210,P030,add_to_cart,2024-01-18 14:39:46
U485,P010,wishlist,2024-07-10 07:35:39
U060,P025,purchase,2024-12-10 13:51:22
U276,P035,share,2024-06-25 04:15:58
U190,P172,share,2024-08-16 02:24:31
U381,P187,add_to_cart,2024-12-09 20:39:16
U213,P168,click,2024-11-19 18:34:57
U251,P158,share,2024-12-30 16:36:32
U488,P072,view,2024-09-25 01:52:55
U190,P056,review,2024-06-21 16:51:56
U487,P061,remove_from_cart,2024-02-08 14:03:07
U352,P095,remove_from_cart,2024-01-24 12:22:03
U204,P071,purchase,2024-02-17 10:36:39
U486,P117,click,2024-09-14 09:27:08
U109,P165,view,2024-01-20 15:25:33
U403,P086,purchase,2024-02-18 21:41:44
U403,P145,purchase,2024-01-27 15:29:34
U425,P196,purchase,2024-08-15 17:29:11
U111,P060,remove_from_cart,2024-10-27 17:38:17
U076,P153,view,2024-04-17 16:23:19
U440,P038,add_to_cart,2024-07-28 19:10:22
U129,P045,click,2024-09-13 17:30:13
U444,P007,add_to_cart,2024-01-06 18:30:29
U184,P061,remove_from_cart,2024-01-07 03:05:25
U090,P068,view,2024-02-19 05:28:30
U380,P108,click,2024-10-16 14:06:14
U033,P122,review,2024-10-29 03:38:39
U186,P132,click,2024-06-24 12:59:45
U258,P057,view,2024-10-09 10:23:45
U402,P169,wishlist,2024-06-26 21:15:56
U330,P008,view,2024-07-05 00:26:05
U434,P103,share,2024-09-23 10:53:31
U056,P126,review,2024-01-29 12:58:59
U461,P021,remove_from_cart,2024-08-24 05:44:34
U076,P017,add_to_cart,2024-04-16 19:20:05
U320,P163,remove_from_cart,2024-05-27 22:17:10
U306,P136,wishlist,2024-06-25 04:56:03
U259,P155,share,2024-02-08 12:24:36
U407,P180,click,2024-11-27 04:36:15
U336,P167,purchase,2024-06-16 00:32:32
U232,P059,share,2024-05-11 15:04:17
U424,P117,share,2024-06-10 13:18:16
U374,P025,remove_from_cart,2024-06-14 17:43:43
U161,P171,wishlist,2024-05-25 08:44:18
U489,P040,review,2024-01-27 01:43:40
U047,P022,click,2024-06-16 17:22:51
U050,P191,remove_from_cart,2024-11-11 06:14:17
U067,P143,view,2024-08-15 18:15:02
U490,P144,remove_from_cart,2024-09-17 04:58:34
U063,P106,remove_from_cart,2024-12-05 06:36:39
U341,P193,share,2024-12-03 03:12:18
U469,P185,view,2024-04-21 16:54:01
U308,P080,remove_from_cart,2024-02-10 05:37:38
U296,P130,purchase,2024-03-01 02:11:23
U337,P124,purchase,2024-11-25 01:10:26
U056,P090,remove_from_cart,2024-02-14 14:48:31
U391,P072,purchase,2024-11-09 11:50:54
U220,P144,view,2024-08-24 12:14:38
U476,P169,wishlist,2024-01-12 05:51:47
U093,P070,wishlist,2024-12-23 21:21:08
U174,P090,view,2024-03-11 10:49:20
U446,P037,share,2024-01-28 00:34:59
U073,P190,view,2024-02-05 15:14:36
U383,P136,purchase,2024-05-26 02:23:09
U215,P117,remove_from_cart,2024-03-02 03:09:38
U190,P080,remove_from_cart,2024-10-28 16:37:57
U483,P146,click,2024-12-09 01:20:45
U027,P040,add_to_cart,2024-10-19 23:51:07
U317,P013,click,2024-04-15 16:10:56
U227,P170,share,2024-07-07 14:41:42
U311,P114,share,2024-04-16 02:05:58
U111,P194,click,2024-05-14 01:14:39
U221,P029,wishlist,2024-09-20 09:26:56
U348,P152,review,2024-07-23 15:22:54
U342,P079,view,2024-03-26 15:22:50
U203,P154,view,2024-01-03 23:38:55
U105,P078,purchase,2024-10-25 00:12:57
U071,P196,wishlist,2024-04-22 09:50:34
U168,P031,view,2024-07-12 03:58:02
U383,P111,add_to_cart,2024-02-20 04:05:52
U195,P137,purchase,2024-07-13 06:46:58
U287,P172,remove_from_cart,2024-01-28 23:47:32
U204,P190,view,2024-06-18 09:51:40
U010,P118,click,2024-11-30 19:26:51
U161,P148,share,2024-08-10 16:28:20
U208,P182,share,2024-04-22 10:28:38
U059,P104,view,2024-05-06 03:03:31
U088,P159,review,2024-11-19 03:02:36
U354,P093,click,2024-06-18 14:26:55
U433,P028,purchase,2024-06-18 04:47:58
U302,P103,click,2024-06-02 16:48:46
U446,P080,remove_from_cart,2024-03-27 01:12:04
U171,P200,add_to_cart,2024-01-30 15:54:26
U262,P163,click,2024-07-25 01:35:43
U262,P050,remove_from_cart,2024-05-16 08:29:12
U373,P166,add_to_cart,2024-04-01 18:11:07
U053,P038,wishlist,2024-03-17 14:42:23
U089,P155,add_to_cart,2024-10-22 05:43:12
U389,P168,click,2024-03-09 19:07:17
U488,P198,review,2024-06-29 04:21:21
U387,P145,review,2024-09-21 12:37:26
U474,P145,remove_from_cart,2024-12-01 15:21:52
U498,P161,remove_from_cart,2024-02-28 15:01:29
U226,P018,review,2024-06-20 17:40:40
U324,P078,wishlist,2024-08-17 16:25:54
U029,P091,click,2024-04-30 13:12:39
U237,P116,view,2024-01-23 02:15:13
U189,P074,click,2024-09-07 08:43:37
U443,P024,share,2024-06-28 16:47:06
U298,P142,view,2024-06-23 15:49:18
U466,P147,purchase,2024-05-04 20:50:47
U310,P122,add_to_cart,2024-01-25 00:42:16
U231,P027,remove_from_cart,2024-10-04 09:54:12
U044,P130,add_to_cart,2024-01-16 04:49:51
U127,P182,review,2024-06-19 15:42:28
U269,P134,add_to_cart,2024-05-21 07:46:29
U191,P073,share,2024-06-07 18:00:24
U397,P087,view,2024-11-02 12:07:41
U324,P166,remove_from_cart,2024-01-26 14:20:34
U169,P025,share,2024-04-20 08:26:30
U130,P186,add_to_cart,2024-05-09 11:09:33
U042,P150,add_to_cart,2024-12-22 00:41:46
U180,P080,share,2024-02-20 01:54:59
U305,P182,click,2024-04-30 05:30:44
U287,P097,remove_from_cart,2024-11-11 19:25:53
U066,P172,click,2024-09-07 21:23:15
U344,P109,remove_from_cart,2024-01-08 01:55:15
U186,P080,add_to_cart,2024-03-24 04:25:13
U175,P197,review,2024-03-15 13:37:06
U116,P036,add_to_cart,2024-01-30 23:13:50
U152,P026,view,2024-09-14 01:37:39
U173,P197,add_to_cart,2024-08-19 22:44:25
U193,P040,add_to_cart,2024-03-11 05:36:23
U426,P178,add_to_cart,2024-10-07 01:54:45
U225,P012,share,2024-05-21 11:30:59
U347,P185,purchase,2024-06-21 12:13:55
U313,P073,review,2024-03-31 21:03:55
U274,P062,wishlist,2024-11-10 00:55:14
U402,P121,purchase,2024-05-22 20:31:34
U348,P147,review,2024-06-28 07:10:09
U394,P073,share,2024-07-14 07:25:48
U271,P108,add_to_cart,2024-11-13 05:58:41
U103,P155,add_to_cart,2024-12-05 00:58:03
U129,P014,review,2024-12-05 11:21:37
U191,P142,click,2024-10-03 06:44:15
U434,P133,click,2024-04-20 16:58:47
U043,P196,add_to_cart,2024-04-15 22:35:57
U231,P132,add_to_cart,2024-11-18 17:55:00
U224,P024,purchase,2024-11-13 04:13:33
U231,P090,view,2024-06-10 03:07:10
U028,P102,remove_from_cart,2024-04-01 13:36:39
U198,P021,remove_from_cart,2024-03-28 04:51:10
U015,P082,click,2024-11-21 21:41:23
U366,P167,remove_from_cart,2024-11-03 08:12:07
U075,P036,view,2024-04-21 09:54:35
U470,P121,add_to_cart,2024-10-21 16:54:43
U362,P121,review,2024-08-26 23:27:41
U003,P021,view,2024-04-09 09:23:02
U111,P039,share,2024-02-13 04:20:11
U398,P074,purchase,2024-04-26 22:55:57
U063,P013,purchase,2024-06-12 01:03:27
U328,P160,review,2024-01-25 09:24:18
U057,P128,view,2024-09-02 10:14:49
U264,P148,purchase,2024-10-06 01:19:06
U074,P075,share,2024-01-01 14:34:50
U315,P091,purchase,2024-08-09 14:58:16
U214,P048,click,2024-07-22 07:13:46
U500,P093,click,2024-07-23 07:13:45
U279,P130,view,2024-05-31 15:17:33
U448,P121,view,2024-09-03 20:52:52
U199,P096,wishlist,2024-10-17 05:29:43
U009,P092,click,2024-05-13 21:47:31
U124,P188,click,2024-10-26 14:54:50
U298,P189,remove_from_cart,2024-02-21 19:28:03
U023,P091,remove_from_cart,2024-11-11 22:27:07
U330,P045,review,2024-09-27 01:29:51
U246,P162,add_to_cart,2024-11-11 03:42:23
U070,P017,review,2024-01-15 08:42:50
U151,P052,view,2024-11-03 05:40:20
U103,P011,remove_from_cart,2024-12-28 11:38:53
U159,P132,share,2024-11-12 16:08:07
U279,P122,wishlist,2024-01-15 05:19:49
U386,P166,purchase,2024-04-21 02:44:48
U183,P200,view,2024-12-02 05:49:29
U336,P085,wishlist,2024-02-18 08:11:28
U410,P095,share,2024-12-11 10:36:54
U205,P191,review,2024-12-13 10:37:32
U490,P099,remove_from_cart,2024-03-13 13:15:45
U255,P178,review,2024-05-22 15:55:17
U474,P133,wishlist,2024-11-07 03:14:29
U043,P187,share,2024-01-31 15:39:10
U221,P155,add_to_cart,2024-07-30 20:11:23
U151,P083,click,2024-02-01 02:17:46
U168,P170,wishlist,2024-04-29 00:44:54
U229,P155,share,2024-03-05 17:14:30
U354,P114,remove_from_cart,2024-06-22 15:33:01
U022,P187,remove_from_cart,2024-08-26 18:49:52
U223,P071,view,2024-01-30 03:26:03
U344,P164,share,2024-05-21 02:18:18
U263,P192,add_to_cart,2024-01-13 02:15:05
U074,P156,review,2024-01-14 12:20:59
U065,P018,purchase,2024-10-29 08:17:21
U331,P094,remove_from_cart,2024-05-28 16:27:41
U487,P146,view,2024-08-22 23:53:33
U079,P174,review,2024-05-24 01:38:23
U191,P114,click,2024-08-10 21:20:19
U071,P136,remove_from_cart,2024-06-03 13:56:46
U161,P167,wishlist,2024-04-06 22:32:57
U492,P030,view,2024-10-12 16:59:12
U096,P128,share,2024-12-20 18:49:59
U288,P031,wishlist,2024-10-27 23:11:33
U134,P181,review,2024-03-24 07:56:28
U314,P074,review,2024-03-18 17:47:50
U063,P035,click,2024-06-24 13:20:35
U089,P183,review,2024-02-04 02:16:08
U415,P175,remove_from_cart,2024-09-16 08:43:04
U178,P182,click,2024-08-01 14:20:41
U278,P075,wishlist,2024-11-26 15:16:10
U081,P183,add_to_cart,2024-11-04 05:47:11
U186,P131,purchase,2024-02-17 03:10:48
U103,P036,purchase,2024-11-02 22:48:39
U253,P007,remove_from_cart,2024-08-03 03:51:14
U294,P095,review,2024-11-08 02:40:12
U283,P034,click,2024-01-26 12:49:00
U159,P102,review,2024-07-23 03:50:19
U211,P197,share,2024-11-15 18:04:45
U295,P019,add_to_cart,2024-05-03 02:54:43
U329,P019,review,2024-06-29 21:52:48
U349,P133,remove_from_cart,2024-02-19 20:09:54
U450,P200,add_to_cart,2024-10-25 04:14:36
U495,P034,share,2024-07-14 07:01:48
U467,P015,click,2024-07-20 05:03:42
U079,P078,add_to_cart,2024-03-03 21:38:29
U166,P182,purchase,2024-05-14 09:10:07
U486,P133,wishlist,2024-11-24 12:40:25
U041,P065,purchase,2024-09-03 15:09:39
U490,P142,wishlist,2024-02-18 14:40:18
U321,P078,click,2024-07-14 04:19:16
U329,P044,add_to_cart,2024-03-07 11:42:19
U338,P160,remove_from_cart,2024-11-23 04:56:55
U474,P145,view,2024-11-16 11:45:34
U443,P008,click,2024-01-18 15:44:04
U486,P165,wishlist,2024-09-09 20:58:16
U108,P197,share,2024-08-28 01:11:17
U328,P008,review,2024-12-11 06:03:05
U322,P140,wishlist,2024-09-06 07:00:34
U490,P078,review,2024-04-05 02:25:39
U413,P176,share,2024-04-25 12:17:04
U233,P019,view,2024-03-02 09:24:59
U226,P107,review,2024-06-29 08:54:52
U105,P088,add_to_cart,2024-05-01 09:28:48
U442,P184,remove_from_cart,2024-10-12 03:14:15
U441,P089,share,2024-02-20 18:49:43
U390,P095,click,2024-05-03 22:22:32
U124,P120,click,2024-04-13 21:01:00
U231,P064,add_to_cart,2024-02-07 14:21:00
U026,P075,share,2024-12-01 14:35:27
U316,P108,purchase,2024-12-02 01:15:01
U462,P041,remove_from_cart,2024-12-28 15:11:42
U296,P185,remove_from_cart,2024-03-14 17:22:55
U391,P041,review,2024-07-18 21:34:59
U240,P128,wishlist,2024-07-12 03:49:37
U012,P024,share,2024-07-15 07:05:01
U235,P062,purchase,2024-08-14 13:09:40
U181,P013,view,2024-04-19 06:25:52
U254,P153,review,2024-04-20 23:22:04
U275,P003,click,2024-06-16 08:32:16
U069,P068,remove_from_cart,2024-10-23 15:39:39
U207,P094,view,2024-06-04 13:41:28
U027,P146,purchase,2024-05-20 18:57:59
U284,P074,click,2024-05-30 01:01:55
U259,P116,wishlist,2024-11-16 12:27:32
U320,P175,click,2024-02-19 23:13:46
U500,P025,share,2024-05-24 22:27:38
U407,P087,remove_from_cart,2024-10-20 04:47:07
U074,P051,share,2024-07-13 05:03:50
U021,P012,view,2024-02-23 05:16:17
U366,P086,review,2024-07-20 16:31:54
U234,P039,add_to_cart,2024-05-07 08:51:47
U477,P157,remove_from_cart,2024-03-04 02:37:43
U202,P158,wishlist,2024-08-18 13:54:53
U173,P130,review,2024-10-02 05:56:01
U289,P077,review,2024-11-12 19:19:48
U009,P095,remove_from_cart,2024-09-18 16:19:50
U057,P107,wishlist,2024-11-05 10:17:35
U461,P186,view,2024-08-19 19:36:03
U243,P068,purchase,2024-10-07 03:56:11
U027,P150,review,2024-03-07 05:17:15
U269,P162,share,2024-02-27 09:22:09
U421,P175,purchase,2024-01-13 06:15:30
U294,P180,click,2024-03-15 02:14:19
U010,P113,remove_from_cart,2024-06-11 15:18:55
U078,P106,purchase,2024-06-08 08:59:40
U257,P199,review,2024-12-04 23:15:02
U435,P189,view,2024-10-01 02:18:07
U071,P133,purchase,2024-08-05 19:50:37
U167,P170,review,2024-07-23 01:48:07
U193,P081,add_to_cart,2024-06-27 12:22:28
U468,P137,remove_from_cart,2024-07-31 03:38:07
U182,P174,wishlist,2024-08-24 22:19:33
U248,P050,purchase,2024-04-18 08:31:41
U286,P077,purchase,2024-04-25 13:58:07
U395,P074,purchase,2024-09-25 01:30:08
U361,P126,remove_from_cart,2024-07-05 08:05:31
U179,P144,wishlist,2024-04-21 18:23:29
U063,P147,share,2024-12-13 21:05:33
U203,P089,add_to_cart,2024-04-22 19:12:53
U022,P074,click,2024-05-14 12:20:30
U474,P114,wishlist,2024-10-17 05:41:58
U246,P055,purchase,2024-11-17 13:04:09
U276,P070,wishlist,2024-02-23 07:28:36
U056,P158,purchase,2024-04-04 03:52:21
U026,P172,purchase,2024-09-04 18:04:27
U120,P014,click,2024-06-09 12:14:52
U170,P184,review,2024-02-09 01:08:47
U349,P198,add_to_cart,2024-01-03 00:17:40
U494,P141,add_to_cart,2024-06-07 00:39:08
U335,P122,review,2024-09-09 15:27:36
U103,P194,wishlist,2024-05-04 17:29:59
U147,P166,view,2024-12-18 14:35:08
U394,P023,purchase,2024-07-26 19:58:50
U379,P186,view,2024-12-20 15:55:04
U472,P045,share,2024-12-08 15:07:08
U429,P046,view,2024-11-20 17:58:43
U204,P127,add_to_cart,2024-12-29 17:49:34
U384,P075,view,2024-01-04 14:22:34
U153,P146,click,2024-12-26 13:49:34
U172,P073,review,2024-09-06 01:27:53
U279,P135,review,2024-12-11 08:30:12
U481,P035,review,2024-04-15 23:01:33
U099,P029,remove_from_cart,2024-03-04 02:33:22
U375,P118,wishlist,2024-10-06 01:49:13
U096,P004,remove_from_cart,2024-11-03 02:29:19
U152,P146,purchase,2024-03-09 03:43:52
U313,P164,share,2024-11-17 04:06:13
U219,P132,remove_from_cart,2024-02-03 16:27:16
U206,P172,click,2024-03-12 18:17:08
U072,P123,remove_from_cart,2024-12-29 10:31:29
U128,P002,wishlist,2024-05-28 23:10:20
U121,P115,wishlist,2024-05-08 00:19:49
U155,P150,view,2024-04-11 13:51:07
U335,P093,purchase,2024-01-25 03:02:26
U342,P031,review,2024-04-29 03:38:32
U082,P104,wishlist,2024-09-25 01:58:21
U061,P164,wishlist,2024-05-22 17:45:26
U315,P057,purchase,2024-02-21 20:57:04
U245,P040,review,2024-10-17 09:23:37
U311,P096,share,2024-09-29 14:33:42
U282,P121,purchase,2024-10-22 21:02:46
U127,P175,click,2024-07-23 02:04:37
U229,P136,remove_from_cart,2024-01-31 07:58:12
U470,P145,click,2024-01-24 23:37:36
U425,P141,purchase,2024-08-10 09:57:59
U275,P039,add_to_cart,2024-05-07 10:16:40
U438,P134,review,2024-02-15 03:26:07
U349,P053,review,2024-02-05 07:38:15
U461,P131,review,2024-11-10 01:33:23
U029,P117,add_to_cart,2024-07-18 07:48:59
U213,P117,view,2024-08-05 00:22:02
U237,P173,wishlist,2024-10-07 21:27:32
U012,P102,wishlist,2024-11-13 01:53:44
U002,P191,purchase,2024-08-12 14:15:06
U038,P012,share,2024-05-13 19:14:30
U359,P017,view,2024-12-28 22:56:34
U458,P018,review,2024-01-13 07:47:25
U147,P105,add_to_cart,2024-10-25 15:20:20
U070,P197,share,2024-05-25 10:13:43
U457,P098,review,2024-12-03 17:26:54
U470,P097,share,2024-02-01 03:59:02
U350,P170,add_to_cart,2024-09-10 19:22:45
U441,P090,click,2024-03-10 07:29:41
U276,P101,add_to_cart,2024-10-09 16:07:46
U115,P001,view,2024-04-25 20:56:40
U238,P173,share,2024-07-25 13:58:50
U195,P059,purchase,2024-06-27 21:20:19
U178,P040,wishlist,2024-03-14 04:45:54
U480,P186,click,2024-01-13 12:17:13
U415,P170,share,2024-08-26 19:29:58
U393,P005,purchase,2024-03-21 00:49:11
U035,P026,view,2024-06-22 09:07:56
U307,P173,view,2024-04-05 01:05:15
U380,P012,share,2024-06-19 11:25:47
U120,P139,purchase,2024-10-19 23:23:03
U443,P199,view,2024-02-24 10:09:29
U258,P075,purchase,2024-11-12 19:40:44
U470,P188,remove_from_cart,2024-08-12 06:27:19
U307,P198,remove_from_cart,2024-04-02 00:06:20
U155,P037,purchase,2024-06-09 14:39:37
U154,P071,view,2024-08-04 04:59:20
U486,P152,add_to_cart,2024-08-31 02:40:44
U348,P110,review,2024-01-19 04:59:29
U498,P089,share,2024-11-01 04:13:46
U269,P082,share,2024-06-07 13:15:04
U077,P077,share,2024-03-12 09:52:34
U387,P138,review,2024-04-03 13:59:10
U435,P058,wishlist,2024-11-29 00:51:49
U363,P037,review,2024-12-21 06:00:20
U030,P144,share,2024-06-10 18:08:04
U286,P136,add_to_cart,2024-05-30 20:19:40
U125,P066,purchase,2024-05-08 06:16:27
U332,P021,review,2024-11-24 23:51:19
U190,P024,purchase,2024-01-21 00:21:22
U138,P097,view,2024-12-05 06:43:58
U038,P049,purchase,2024-07-05 04:16:40
U107,P086,wishlist,2024-12-19 00:26:22
U008,P055,purchase,2024-10-14 23:02:59
U061,P192,review,2024-12-21 03:12:38
U125,P179,purchase,2024-06-03 00:52:43
U469,P062,remove_from_cart,2024-10-28 04:18:47
U145,P098,review,2024-07-26 05:58:46
U333,P092,wishlist,2024-04-11 13:55:51
U185,P132,review,2024-06-29 23:28:21
U051,P185,review,2024-10-22 18:53:47
U430,P082,purchase,2024-05-23 23:13:13
U161,P106,view,2024-08-06 11:06:37
U443,P057,add_to_cart,2024-01-07 07:10:49
U134,P142,share,2024-04-24 15:23:29
U079,P051,remove_from_cart,2024-03-30 07:55:44
U195,P146,purchase,2024-07-12 21:49:37
U282,P168,remove_from_cart,2024-04-09 22:27:33
U391,P126,review,2024-06-27 23:14:15
U087,P188,remove_from_cart,2024-03-06 17:40:14
U072,P185,review,2024-03-12 11:26:58
U470,P139,view,2024-07-22 11:30:57
U018,P020,view,2024-10-23 20:09:15
U004,P106,add_to_cart,2024-11-23 05:05:09
U323,P060,click,2024-10-01 15:17:53
U078,P003,purchase,2024-07-15 09:46:20
U234,P096,view,2024-08-27 22:38:30
U327,P171,review,2024-09-13 00:58:31
U250,P005,view,2024-07-25 16:34:47
U283,P106,view,2024-01-07 11:53:56
U272,P185,wishlist,2024-07-27 01:26:27
U147,P005,share,2024-11-09 02:01:39
U482,P046,click,2024-12-22 12:50:07
U050,P135,add_to_cart,2024-04-03 13:59:32
U099,P159,wishlist,2024-11-12 14:20:55
U182,P069,share,2024-01-31 16:30:45
U192,P104,review,2024-08-07 10:12:07
U125,P179,purchase,2024-04-26 11:57:58
U351,P021,view,2024-02-06 07:29:16
U208,P098,share,2024-08-02 15:33:02
U244,P015,view,2024-09-29 22:59:29
U088,P022,review,2024-11-24 07:02:41
U223,P166,remove_from_cart,2024-08-07 18:09:57
U440,P025,view,2024-03-30 05:34:44
U109,P178,review,2024-04-15 06:47:20
U024,P020,wishlist,2024-12-15 06:11:31
U279,P145,view,2024-03-10 15:42:18
U476,P081,view,2024-03-21 10:51:12
U301,P037,share,2024-12-26 17:44:31
U040,P077,add_to_cart,2024-08-07 00:28:17
U124,P146,share,2024-09-19 22:25:23
U460,P139,remove_from_cart,2024-05-29 01:42:21
U387,P190,add_to_cart,2024-11-02 23:58:34
U353,P186,click,2024-07-13 11:43:39
U382,P089,view,2024-02-07 22:29:51
U224,P060,click,2024-05-12 06:33:16
U310,P197,share,2024-10-27 10:03:15
U168,P008,wishlist,2024-10-31 07:11:52
U231,P126,purchase,2024-05-18 04:24:02
U284,P097,share,2024-03-13 03:12:07
U349,P150,share,2024-02-03 06:43:37
U396,P159,wishlist,2024-11-05 22:24:48
U127,P183,click,2024-02-01 20:38:58
U138,P040,share,2024-10-03 09:18:42
U402,P163,add_to_cart,2024-10-14 06:05:13
U200,P082,remove_from_cart,2024-02-11 09:07:35
U047,P002,wishlist,2024-06-21 17:14:19
U185,P195,wishlist,2024-02-09 16:51:57
U068,P023,add_to_cart,2024-06-16 09:01:12
U230,P143,share,2024-02-10 02:45:35
U014,P023,remove_from_cart,2024-08-03 05:42:10
U048,P153,remove_from_cart,2024-12-01 10:26:12
U198,P004,wishlist,2024-06-09 16:59:21
U199,P200,click,2024-10-08 12:02:03
U462,P144,purchase,2024-08-10 03:03:27
U267,P044,share,2024-03-06 19:52:14
U072,P069,wishlist,2024-04-14 05:43:57
U253,P038,click,2024-03-05 22:29:09
U223,P071,share,2024-04-26 09:53:36
U248,P020,remove_from_cart,2024-04-07 18:00:41
U484,P064,review,2024-08-18 14:40:36
U316,P051,review,2024-02-11 13:03:17
U070,P078,view,2024-06-02 16:06:59
U171,P159,share,2024-11-08 06:32:08
U442,P085,review,2024-05-09 23:58:03
U221,P167,add_to_cart,2024-04-26 16:15:35
U165,P155,purchase,2024-07-05 00:41:39
U161,P046,share,2024-05-03 22:34:43
U150,P189,review,2024-08-11 15:35:02
U401,P063,remove_from_cart,2024-05-26 01:05:22
U144,P101,remove_from_cart,2024-02-14 05:30:41
U478,P145,purchase,2024-08-17 23:57:21
U280,P047,view,2024-10-09 10:07:11
U237,P182,purchase,2024-06-19 06:41:46
U409,P075,click,2024-11-14 01:18:44
U435,P105,review,2024-02-24 01:14:36
U325,P078,purchase,2024-04-08 03:09:50
U338,P040,share,2024-11-02 10:43:42
U194,P019,review,2024-08-20 05:08:50
U246,P150,share,2024-07-26 12:39:54
U260,P178,share,2024-07-30 03:08:26
U019,P093,click,2024-02-12 11:23:48
U394,P064,remove_from_cart,2024-03-05 14:23:13
U332,P157,view,2024-08-06 17:35:36
U331,P174,share,2024-10-19 07:30:43
U170,P111,click,2024-01-05 02:18:44
U051,P067,purchase,2024-07-17 07:50:51
U383,P133,purchase,2024-06-22 02:57:26
U192,P101,review,2024-10-26 22:45:04
U348,P151,add_to_cart,2024-05-13 23:19:44
U013,P124,click,2024-04-24 17:37:40
U213,P022,click,2024-11-18 20:26:34
U482,P187,add_to_cart,2024-05-15 06:39:30
U160,P088,review,2024-10-31 13:55:34
U106,P134,review,2024-05-15 06:23:38
U244,P025,review,2024-10-07 09:28:16
U357,P116,remove_from_cart,2024-01-27 02:06:36
U154,P012,click,2024-01-09 18:30:30
U435,P088,click,2024-09-19 23:23:45
U410,P043,purchase,2024-07-19 09:24:42
U090,P142,add_to_cart,2024-05-08 13:02:49
U287,P110,review,2024-03-31 01:03:01
U409,P104,add_to_cart,2024-03-13 09:15:07
U328,P169,share,2024-06-02 15:05:42
U015,P189,purchase,2024-06-23 14:20:34
U304,P110,share,2024-01-02 17:28:38
U361,P055,purchase,2024-04-18 02:21:42
U386,P181,click,2024-08-12 05:16:21
U053,P138,add_to_cart,2024-05-22 01:26:17
U167,P051,review,2024-02-14 06:08:14
U135,P172,review,2024-07-23 22:39:37
U495,P164,remove_from_cart,2024-08-19 20:10:17
U199,P157,share,2024-08-15 23:16:49
U059,P090,remove_from_cart,2024-11-24 08:47:49
U235,P159,add_to_cart,2024-11-12 00:35:24
U345,P181,wishlist,2024-12-22 18:44:32
U315,P152,click,2024-09-18 00:31:12
U069,P081,click,2024-04-02 15:39:32
U157,P030,add_to_cart,2024-05-24 23:27:53
U356,P037,share,2024-06-11 10:16:15
U306,P036,share,2024-06-13 07:00:26
U096,P125,add_to_cart,2024-08-03 12:09:36
U086,P126,wishlist,2024-02-24 11:39:30
U096,P081,review,2024-08-28 13:19:10
U028,P092,view,2024-07-07 04:52:57
U070,P050,share,2024-08-06 02:19:27
U259,P168,review,2024-06-07 21:24:30
U351,P126,share,2024-10-02 19:00:23
U431,P114,review,2024-03-05 22:54:55
U043,P145,view,2024-11-05 02:08:51
U390,P057,wishlist,2024-01-13 16:44:25
U141,P058,wishlist,2024-03-06 07:49:16
U400,P118,review,2024-08-01 11:49:09
U262,P029,click,2024-04-14 00:54:20
U397,P140,remove_from_cart,2024-07-29 12:12:37
U422,P194,view,2024-10-22 03:45:06
U369,P113,purchase,2024-06-14 02:43:44
U053,P189,purchase,2024-04-25 14:50:54
U448,P009,review,2024-04-12 01:36:55
U179,P023,review,2024-12-02 01:05:30
U061,P199,purchase,2024-03-22 12:12:22
U416,P189,remove_from_cart,2024-11-30 09:33:19
U364,P157,share,2024-03-05 11:03:38
U316,P036,purchase,2024-11-11 22:38:52
U106,P016,remove_from_cart,2024-07-25 17:12:59
U144,P153,add_to_cart,2024-05-05 16:40:13
U361,P075,wishlist,2024-08-10 10:16:57
U137,P132,click,2024-02-22 15:46:48
U493,P193,share,2024-12-22 19:32:42
U031,P071,add_to_cart,2024-09-29 09:46:08
U444,P034,purchase,2024-02-26 19:05:15
U365,P083,purchase,2024-10-22 17:26:53
U432,P174,share,2024-07-09 02:05:09
U073,P148,wishlist,2024-08-31 19:38:22
U213,P097,review,2024-01-30 07:51:45
U325,P197,click,2024-06-05 10:50:28
U264,P192,wishlist,2024-09-26 19:06:25
U480,P095,review,2024-07-08 12:54:15
U168,P149,view,2024-12-03 10:48:26
U397,P188,click,2024-10-10 20:46:45
U498,P118,remove_from_cart,2024-11-26 03:33:52
U033,P137,share,2024-03-25 14:19:19
U496,P110,purchase,2024-07-11 03:04:39
U138,P083,wishlist,2024-05-11 04:06:22
U281,P148,add_to_cart,2024-08-07 20:49:36
U437,P125,remove_from_cart,2024-12-13 06:07:31
U350,P196,view,2024-01-18 20:13:08
U051,P161,review,2024-01-07 07:45:11
U064,P041,review,2024-06-26 07:03:26
U001,P110,purchase,2024-09-24 10:08:29
U466,P034,wishlist,2024-03-02 17:46:38
U448,P071,click,2024-09-11 05:12:07
U185,P065,click,2024-05-24 09:50:06
U341,P167,add_to_cart,2024-01-21 02:41:32
U203,P161,wishlist,2024-10-08 22:42:07
U359,P194,purchase,2024-06-15 16:43:20
U336,P024,click,2024-01-01 10:07:30
U110,P123,click,2024-02-21 12:51:06
U304,P058,review,2024-01-04 14:33:38
U005,P179,remove_from_cart,2024-11-13 08:00:29
U062,P109,add_to_cart,2024-07-04 12:29:20
U037,P059,share,2024-02-04 16:37:33
U375,P027,click,2024-05-01 16:38:50
U189,P077,add_to_cart,2024-05-28 15:13:07
U397,P193,add_to_cart,2024-09-06 03:55:23
U347,P037,click,2024-07-25 00:41:43
U289,P003,add_to_cart,2024-06-19 22:01:26
U180,P185,purchase,2024-08-31 22:07:48
U384,P039,share,2024-08-27 06:14:40
U352,P114,purchase,2024-02-03 15:59:27
U460,P026,add_to_cart,2024-10-19 05:18:06
U064,P151,share,2024-05-16 12:32:58
U494,P110,remove_from_cart,2024-11-03 05:22:08
U072,P064,wishlist,2024-09-07 08:17:57
U044,P064,wishlist,2024-10-29 12:31:24
U482,P177,view,2024-11-25 06:55:37
U434,P169,wishlist,2024-03-20 18:53:34
U266,P156,purchase,2024-10-17 10:24:28
U201,P076,view,2024-10-31 09:33:37
U460,P062,review,2024-05-29 20:42:51
U058,P062,review,2024-09-04 19:21:30
U305,P019,view,2024-05-20 05:40:45
U479,P082,add_to_cart,2024-05-30 05:35:37
U441,P146,share,2024-05-21 21:53:27
U280,P175,add_to_cart,2024-10-23 05:07:15
U242,P198,click,2024-01-07 11:33:23
U301,P018,view,2024-04-11 19:44:38
U111,P011,view,2024-11-02 12:42:57
U204,P130,wishlist,2024-09-01 02:42:12
U365,P129,share,2024-06-13 12:00:26
U360,P103,click,2024-09-05 18:14:24
U275,P138,add_to_cart,2024-04-17 18:11:12
U043,P080,click,2024-07-17 13:42:18
U472,P053,add_to_cart,2024-07-27 07:31:07
U168,P101,click,2024-04-30 10:59:21
U358,P112,purchase,2024-01-23 11:43:21
U126,P023,share,2024-02-15 01:04:23
U233,P157,view,2024-04-30 02:47:32
U342,P190,add_to_cart,2024-02-16 09:17:22
U007,P182,add_to_cart,2024-09-29 10:27:01
U006,P042,review,2024-05-14 15:31:33
U268,P133,wishlist,2024-03-05 20:12:27
U191,P033,wishlist,2024-10-11 15:27:25
U454,P031,view,2024-05-10 02:31:44
U414,P110,wishlist,2024-07-22 10:40:30
U033,P068,click,2024-07-11 16:25:49
U234,P131,remove_from_cart,2024-01-22 12:43:47
U256,P146,add_to_cart,2024-05-22 19:05:54
U081,P066,click,2024-12-13 07:11:08
U294,P173,click,2024-03-29 16:53:00
U380,P131,view,2024-01-18 02:27:46
U440,P004,purchase,2024-01-18 20:34:44
U242,P094,share,2024-12-23 09:07:59
U077,P046,view,2024-08-02 17:04:23
U412,P183,share,2024-03-28 04:38:03
U165,P064,share,2024-12-21 16:23:06
U369,P082,wishlist,2024-11-16 18:51:00
U040,P147,remove_from_cart,2024-02-16 08:53:50
U258,P173,view,2024-03-10 15:36:37
U115,P133,view,2024-06-04 16:53:25
U036,P120,wishlist,2024-10-27 09:47:55
U433,P080,remove_from_cart,2024-02-03 13:10:17
U284,P117,view,2024-05-23 06:34:39
U103,P075,wishlist,2024-10-14 05:20:52
U319,P063,review,2024-05-23 00:33:32
U303,P127,purchase,2024-10-11 11:03:11
U462,P140,purchase,2024-02-28 11:22:49
U004,P105,view,2024-03-31 11:41:46
U278,P089,view,2024-05-10 02:35:17
U001,P195,share,2024-11-25 17:18:33
U378,P187,wishlist,2024-02-10 08:52:30
U106,P136,purchase,2024-06-12 00:58:02
U252,P016,add_to_cart,2024-10-03 09:04:54
U144,P024,view,2024-12-23 18:53:59
U119,P134,share,2024-09-29 04:21:59
U459,P096,review,2024-10-17 10:55:39
U044,P149,click,2024-07-15 06:55:41
U069,P164,share,2024-01-30 01:28:14
U304,P146,view,2024-06-17 22:20:03
U340,P034,purchase,2024-04-23 06:37:03
U134,P081,share,2024-09-29 03:14:09
U426,P189,remove_from_cart,2024-05-03 12:30:46
U232,P070,purchase,2024-01-30 00:08:14
U484,P052,add_to_cart,2024-10-29 21:32:22
U395,P150,click,2024-03-01 08:31:52
U055,P043,review,2024-06-29 23:56:54
U161,P105,click,2024-07-27 03:10:43
U184,P198,purchase,2024-06-24 12:10:20
U158,P119,wishlist,2024-11-27 01:42:35
U062,P024,add_to_cart,2024-11-09 15:20:55
U352,P078,view,2024-03-24 12:08:20
U428,P084,add_to_cart,2024-02-05 10:09:57
U365,P064,remove_from_cart,2024-06-02 21:15:57
U263,P013,wishlist,2024-04-11 00:55:48
U420,P045,view,2024-06-06 01:12:31
U438,P116,purchase,2024-02-06 18:54:12
U237,P027,add_to_cart,2024-02-17 04:01:35
U007,P016,purchase,2024-02-20 18:21:15
U102,P103,remove_from_cart,2024-09-23 12:38:32
U323,P166,click,2024-08-14 03:39:04
U301,P067,click,2024-01-09 11:11:32
U034,P051,review,2024-11-10 07:12:37
U066,P024,remove_from_cart,2024-02-17 14:02:26
U022,P119,view,2024-03-06 05:46:22
U474,P147,share,2024-11-15 02:39:46
U371,P102,review,2024-01-12 10:47:41
U196,P175,share,2024-03-08 02:40:47
U182,P055,add_to_cart,2024-04-16 19:00:57
U144,P115,add_to_cart,2024-01-14 10:57:22
U315,P159,purchase,2024-09-08 09:04:19
U152,P128,share,2024-12-08 20:05:33
U282,P123,view,2024-02-04 01:37:26
U144,P099,add_to_cart,2024-06-11 19:33:06
U103,P165,purchase,2024-09-01 23:03:25
U411,P140,view,2024-05-28 13:08:25
U401,P183,remove_from_cart,2024-07-05 06:58:58
U279,P125,remove_from_cart,2024-12-20 10:45:58
U290,P129,remove_from_cart,2024-05-30 19:58:33
U139,P047,view,2024-05-03 20:09:15
U306,P057,view,2024-12-13 21:07:58
U416,P200,wishlist,2024-01-23 18:06:35
U415,P121,remove_from_cart,2024-10-24 19:29:13
U300,P060,add_to_cart,2024-02-08 21:19:10
U127,P169,purchase,2024-04-13 12:12:42
U274,P189,view,2024-10-23 17:27:34
U486,P057,share,2024-05-17 19:01:07
U479,P045,add_to_cart,2024-04-01 20:48:58
U304,P082,remove_from_cart,2024-12-20 22:54:39
U303,P008,remove_from_cart,2024-08-08 10:53:39
U289,P037,purchase,2024-11-20 22:34:47
U415,P127,wishlist,2024-03-09 04:18:27
U252,P010,click,2024-01-22 19:31:24
U120,P155,purchase,2024-01-08 17:44:32
U270,P123,view,2024-05-08 19:59:05
U470,P158,purchase,2024-11-09 04:36:57
U067,P088,add_to_cart,2024-12-22 19:39:27
U411,P083,view,2024-01-09 12:14:34
U076,P151,add_to_cart,2024-10-27 17:37:08
U057,P135,remove_from_cart,2024-01-29 04:02:36
U192,P181,share,2024-08-15 14:04:16
U052,P087,wishlist,2024-05-05 06:52:47
U070,P041,share,2024-11-03 12:30:26
U328,P125,remove_from_cart,2024-03-08 15:41:11
U363,P144,remove_from_cart,2024-03-27 16:43:17
U341,P151,add_to_cart,2024-05-26 22:47:43
U158,P188,wishlist,2024-02-19 10:58:22
U091,P187,view,2024-09-29 15:11:34
U486,P147,share,2024-11-26 09:37:46
U395,P146,view,2024-03-11 17:07:29
U309,P082,purchase,2024-09-05 09:56:24
U290,P027,review,2024-02-24 14:53:28
U170,P191,click,2024-04-02 10:16:58
U178,P082,add_to_cart,2024-09-04 01:41:25
U454,P023,remove_from_cart,2024-06-22 10:53:33
U006,P068,purchase,2024-04-06 21:53:21
U355,P018,remove_from_cart,2024-04-09 16:13:31
U403,P028,view,2024-01-19 16:46:00
U198,P113,share,2024-03-05 14:23:11
U453,P106,review,2024-12-08 10:41:53
U194,P090,share,2024-02-09 09:22:57
U425,P123,purchase,2024-03-04 04:04:06
U232,P019,view,2024-04-24 12:44:51
U011,P082,wishlist,2024-02-10 16:06:29
U038,P088,add_to_cart,2024-12-10 20:07:09
U193,P042,click,2024-07-31 10:50:26
U483,P024,remove_from_cart,2024-08-18 16:45:57
U315,P124,view,2024-06-16 12:13:29
U483,P168,add_to_cart,2024-08-23 20:36:37
U456,P112,add_to_cart,2024-01-21 19:10:32
U052,P085,purchase,2024-03-14 18:46:53
U210,P179,wishlist,2024-09-13 13:13:07
U145,P077,purchase,2024-02-07 06:00:04
U026,P101,review,2024-02-29 15:33:43
U028,P093,view,2024-06-15 01:34:35
U045,P076,review,2024-03-18 13:06:14
U050,P007,purchase,2024-03-07 08:16:17
U327,P075,click,2024-07-02 21:59:54
U433,P030,wishlist,2024-10-31 19:34:47
U204,P121,review,2024-12-13 12:51:45
U339,P068,click,2024-09-06 06:37:41
U279,P100,add_to_cart,2024-05-24 02:09:42
U454,P098,remove_from_cart,2024-03-13 11:04:44
U229,P012,wishlist,2024-06-19 18:40:40
U239,P068,purchase,2024-11-21 02:08:22
U138,P145,view,2024-02-28 16:38:23
U386,P179,click,2024-02-03 06:51:00
U343,P089,share,2024-10-20 18:41:21
U302,P059,view,2024-11-22 12:47:51
U199,P134,share,2024-07-26 23:21:21
U352,P122,purchase,2024-07-03 23:05:10
U154,P021,share,2024-12-16 14:29:36
U438,P183,view,2024-07-13 23:55:29
U293,P133,add_to_cart,2024-02-16 17:06:29
U487,P194,review,2024-03-08 03:20:55
U486,P043,purchase,2024-11-09 23:24:00
U099,P033,view,2024-06-13 10:08:24
U041,P175,share,2024-03-19 10:01:26
U422,P161,add_to_cart,2024-11-19 22:27:04
U305,P067,remove_from_cart,2024-12-19 17:18:47
U373,P018,click,2024-05-30 17:20:46
U285,P102,remove_from_cart,2024-11-28 16:18:57
U142,P134,review,2024-12-22 04:34:06
U448,P004,share,2024-02-13 16:45:05
U213,P039,add_to_cart,2024-08-08 01:02:17
U302,P150,click,2024-12-25 04:57:19
U055,P145,click,2024-11-01 03:40:48
U147,P138,remove_from_cart,2024-12-06 22:33:39
U211,P068,share,2024-09-11 07:03:48
U249,P147,review,2024-01-15 13:12:19
U089,P071,share,2024-02-25 20:48:14
U317,P156,share,2024-01-16 01:28:45
U203,P085,purchase,2024-01-20 03:25:30
U382,P122,wishlist,2024-12-14 08:56:17
U191,P006,remove_from_cart,2024-11-13 10:35:20
U407,P078,wishlist,2024-04-18 21:01:12
U432,P126,click,2024-12-03 10:44:06
U117,P035,wishlist,2024-10-15 20:00:24
U227,P199,remove_from_cart,2024-04-14 15:10:34
U374,P107,click,2024-03-13 23:41:15
U227,P055,share,2024-10-14 18:06:21
U249,P195,remove_from_cart,2024-11-14 20:26:12
U029,P132,add_to_cart,2024-01-26 11:35:40
U160,P182,share,2024-02-22 16:20:52
U400,P135,view,2024-03-08 11:20:58
U099,P052,view,2024-04-06 21:25:04
U017,P117,view,2024-12-22 12:40:11
U185,P181,purchase,2024-04-16 09:39:19
U189,P119,share,2024-09-03 18:26:55
U473,P032,view,2024-04-03 23:01:35
U191,P126,review,2024-03-09 23:11:59
U492,P122,remove_from_cart,2024-05-13 16:37:59
U084,P067,click,2024-04-20 17:02:21
U015,P099,view,2024-03-04 06:24:25
U438,P147,purchase,2024-11-28 20:51:19
U114,P166,purchase,2024-09-20 04:34:39
U106,P069,share,2024-07-18 08:07:40
U011,P200,view,2024-07-03 02:54:22
U467,P034,add_to_cart,2024-08-21 11:02:56
U411,P003,purchase,2024-04-08 00:26:57
U312,P079,wishlist,2024-06-13 14:09:56
U459,P097,remove_from_cart,2024-06-27 06:10:17
U130,P056,review,2024-04-27 08:11:46
U347,P134,share,2024-08-14 23:48:54
U053,P002,remove_from_cart,2024-08-06 01:09:34
U332,P153,wishlist,2024-04-25 21:59:50
U351,P028,review,2024-01-25 19:00:16
U173,P071,remove_from_cart,2024-11-30 13:41:01
U142,P067,wishlist,2024-03-14 03:38:35
U077,P133,purchase,2024-12-15 09:41:27
U030,P154,share,2024-09-13 12:35:19
U164,P175,add_to_cart,2024-10-07 02:50:48
U014,P168,review,2024-04-24 19:14:05
U133,P108,share,2024-05-30 18:59:04
U378,P010,purchase,2024-05-13 06:32:55
U372,P183,purchase,2024-09-23 12:56:54
U274,P164,review,2024-12-18 01:26:21
U482,P172,remove_from_cart,2024-07-16 00:31:01
U154,P044,add_to_cart,2024-04-24 02:15:57
U050,P121,add_to_cart,2024-10-14 17:51:52
U133,P186,add_to_cart,2024-09-20 23:22:42
U461,P086,click,2024-03-27 07:33:10
U182,P058,wishlist,2024-06-12 07:05:18
U404,P085,remove_from_cart,2024-04-11 04:35:17
U300,P076,review,2024-11-26 13:53:18
U061,P121,view,2024-12-02 11:22:17
U325,P150,click,2024-07-02 09:24:23
U456,P050,click,2024-12-02 21:39:54
U349,P098,wishlist,2024-06-09 10:26:19
U028,P039,add_to_cart,2024-03-18 18:53:58
U176,P105,review,2024-02-25 14:56:45
U162,P184,add_to_cart,2024-10-29 12:15:28
U042,P125,remove_from_cart,2024-09-02 01:39:06
U091,P081,view,2024-01-02 19:55:58
U232,P071,purchase,2024-10-22 14:50:08
U397,P044,add_to_cart,2024-07-09 03:11:21
U403,P196,click,2024-02-20 06:09:03
U315,P112,share,2024-06-05 15:53:59
U220,P123,share,2024-01-02 19:31:10
U020,P137,purchase,2024-10-10 18:14:10
U192,P004,remove_from_cart,2024-10-20 22:19:55
U427,P136,purchase,2024-01-07 22:59:25
U347,P002,purchase,2024-03-28 20:56:57
U356,P089,wishlist,2024-02-20 01:43:19
U053,P099,wishlist,2024-03-05 20:44:27
U034,P012,wishlist,2024-04-22 22:42:41
U234,P187,remove_from_cart,2024-06-17 10:03:10
U455,P176,add_to_cart,2024-05-13 02:30:05
U462,P126,remove_from_cart,2024-10-18 07:35:02
U097,P043,share,2024-01-08 10:15:19
U117,P058,add_to_cart,2024-03-23 00:26:08
U376,P006,add_to_cart,2024-02-17 19:57:10
U188,P183,view,2024-05-25 17:02:48
U449,P164,wishlist,2024-10-26 12:34:04
U274,P160,view,2024-08-18 15:46:24
U025,P170,click,2024-09-10 19:41:30
U429,P006,view,2024-09-24 20:56:01
U060,P107,review,2024-05-27 16:13:19
U064,P141,wishlist,2024-07-03 05:41:39
U360,P040,purchase,2024-09-26 23:39:33
U352,P162,view,2024-04-26 22:36:31
U216,P170,click,2024-09-14 06:47:19
U267,P070,add_to_cart,2024-06-11 15:44:20
U426,P027,click,2024-04-19 19:01:05
U059,P028,review,2024-03-18 03:31:15
U312,P052,wishlist,2024-11-18 22:07:50
U268,P052,remove_from_cart,2024-09-30 04:30:20
U210,P076,add_to_cart,2024-01-16 07:17:16
U281,P128,purchase,2024-09-24 06:31:31
U478,P124,remove_from_cart,2024-04-01 01:44:51
U002,P004,click,2024-12-18 04:44:04
U057,P147,review,2024-02-27 22:07:38
U487,P024,click,2024-10-08 00:06:06
U371,P026,wishlist,2024-09-07 05:39:15
U119,P117,wishlist,2024-04-12 13:49:25
U238,P013,click,2024-11-11 19:22:19
U090,P011,wishlist,2024-05-19 21:26:38
U411,P174,remove_from_cart,2024-06-14 10:33:47
U379,P030,click,2024-11-26 14:11:12
U389,P012,view,2024-11-26 21:12:13
U071,P170,add_to_cart,2024-05-07 15:20:27
U184,P113,wishlist,2024-12-07 03:59:07
U376,P024,remove_from_cart,2024-11-12 12:01:03
U176,P047,click,2024-06-04 15:31:01
U205,P117,wishlist,2024-11-20 13:21:58
U198,P177,review,2024-11-06 15:35:59
U216,P167,add_to_cart,2024-02-13 21:45:48
U068,P179,view,2024-11-23 21:54:39
U082,P027,share,2024-12-19 21:14:56
U303,P124,review,2024-03-11 09:28:15
U313,P098,remove_from_cart,2024-08-25 10:16:24
U015,P176,add_to_cart,2024-07-06 14:37:43
U472,P125,click,2024-12-10 16:58:30
U211,P113,view,2024-01-25 14:20:05
U134,P168,remove_from_cart,2024-01-05 19:12:19
U361,P174,purchase,2024-09-17 03:24:06
U448,P087,click,2024-06-17 02:26:05
U339,P187,purchase,2024-07-06 03:54:36
U178,P170,share,2024-02-27 17:33:35
U430,P143,view,2024-01-05 12:32:16
U330,P041,review,2024-11-26 20:00:52
U254,P043,click,2024-10-18 19:50:06
U252,P083,purchase,2024-05-08 12:09:48
U497,P072,view,2024-07-15 20:55:25
U115,P141,share,2024-06-05 14:48:50
U419,P061,click,2024-06-27 07:04:18
U228,P147,review,2024-02-04 04:24:16
U439,P128,review,2024-05-02 17:54:25
U061,P128,view,2024-02-09 20:42:18
U207,P106,view,2024-08-04 08:50:14
U282,P001,click,2024-11-03 11:57:18
U310,P159,wishlist,2024-12-11 16:26:05
U261,P144,purchase,2024-09-11 05:16:36
U344,P117,remove_from_cart,2024-05-21 02:35:50
U423,P014,purchase,2024-11-23 21:36:32
U233,P085,review,2024-10-05 07:44:14
U337,P094,review,2024-02-14 06:46:29
U050,P195,purchase,2024-01-01 20:28:37
U175,P091,wishlist,2024-07-31 16:50:46
U268,P096,click,2024-01-18 18:40:58
U460,P043,review,2024-02-24 13:04:52
U421,P184,share,2024-02-11 12:57:12
U131,P157,purchase,2024-03-13 20:01:52
U062,P101,purchase,2024-06-26 11:58:39
U423,P049,remove_from_cart,2024-02-11 20:26:58
U388,P107,view,2024-12-25 20:47:06
U325,P173,click,2024-10-26 20:54:52
U457,P116,review,2024-09-12 17:15:40
U302,P130,add_to_cart,2024-07-12 17:25:11
U003,P136,view,2024-08-02 20:26:35
U479,P111,review,2024-12-24 23:45:39
U261,P200,add_to_cart,2024-09-25 16:12:30
U297,P045,add_to_cart,2024-02-10 05:11:34
U199,P169,remove_from_cart,2024-07-14 18:38:48
U452,P099,share,2024-08-24 12:13:57
U469,P178,purchase,2024-04-16 06:05:54
U204,P088,wishlist,2024-06-24 20:49:40
U413,P035,add_to_cart,2024-06-09 07:03:59
U309,P180,wishlist,2024-11-23 10:01:23
U360,P141,remove_from_cart,2024-10-03 11:08:59
U378,P142,purchase,2024-03-19 00:25:19
U108,P160,wishlist,2024-09-23 15:40:52
U177,P173,add_to_cart,2024-10-02 21:22:29
U333,P046,remove_from_cart,2024-10-02 20:58:02
U060,P195,remove_from_cart,2024-08-06 08:49:53
U246,P150,share,2024-09-18 20:24:17
U383,P137,wishlist,2024-12-06 18:40:50
U434,P109,view,2024-07-22 00:11:47
U055,P007,share,2024-02-26 10:32:35
U028,P172,view,2024-03-18 15:13:32
U137,P193,add_to_cart,2024-04-21 07:27:01
U350,P065,add_to_cart,2024-11-21 23:36:20
U032,P177,wishlist,2024-03-20 05:25:34
U386,P139,view,2024-05-19 07:09:45
U417,P116,click,2024-08-27 06:33:01
U445,P173,purchase,2024-10-15 07:47:17
U332,P144,share,2024-04-02 06:33:01
U262,P179,wishlist,2024-09-26 02:37:56
U341,P013,share,2024-05-30 12:16:16
U214,P176,remove_from_cart,2024-08-02 10:10:27
U028,P004,wishlist,2024-03-19 20:54:36
U318,P200,review,2024-11-18 08:00:24
U116,P163,remove_from_cart,2024-10-20 06:06:50
U302,P140,purchase,2024-10-28 10:12:43
U372,P050,wishlist,2024-06-23 07:15:29
U091,P175,click,2024-03-13 14:44:52
U493,P045,click,2024-05-26 11:44:32
U021,P110,wishlist,2024-08-04 03:52:30
U136,P034,add_to_cart,2024-08-14 19:08:40
U434,P066,view,2024-05-08 09:04:06
U239,P182,add_to_cart,2024-01-16 12:16:23
U079,P083,view,2024-10-27 11:02:33
U478,P161,wishlist,2024-07-09 12:15:58
U405,P147,remove_from_cart,2024-01-29 07:17:53
U402,P182,remove_from_cart,2024-07-23 01:02:13
U113,P048,click,2024-11-01 08:27:28
U259,P041,share,2024-07-29 21:52:26
U275,P104,click,2024-05-15 16:40:17
U114,P055,remove_from_cart,2024-05-08 13:45:49
U185,P076,purchase,2024-10-19 07:15:34
U317,P136,review,2024-08-06 00:01:06
U422,P193,view,2024-02-14 13:17:09
U343,P089,review,2024-04-03 08:12:16
U464,P165,purchase,2024-01-16 11:40:58
U350,P083,share,2024-12-21 17:06:32
U408,P030,share,2024-04-09 15:35:50
U277,P186,wishlist,2024-01-10 14:16:26
U467,P133,remove_from_cart,2024-07-18 17:42:28
U412,P131,review,2024-07-08 01:20:55
U023,P076,purchase,2024-05-04 09:31:52
U264,P022,click,2024-03-06 00:13:57
U498,P198,view,2024-08-31 11:26:23
U034,P054,purchase,2024-12-01 21:55:34
U351,P109,click,2024-03-20 20:08:25
U276,P180,share,2024-09-08 02:23:12
U419,P019,add_to_cart,2024-01-10 05:23:36
U236,P184,remove_from_cart,2024-01-15 17:07:33
U045,P019,view,2024-03-10 03:00:25
U407,P065,click,2024-08-11 07:02:13
U421,P059,wishlist,2024-06-07 07:24:46
U199,P116,share,2024-06-17 04:05:09
U162,P005,share,2024-09-18 11:35:56
U061,P137,view,2024-09-06 02:29:35
U369,P159,click,2024-10-20 14:03:48
U382,P150,view,2024-09-29 04:41:38
U435,P019,remove_from_cart,2024-12-26 10:01:55
U258,P028,wishlist,2024-11-01 14:21:50
U352,P078,click,2024-04-19 07:55:57
U392,P113,share,2024-06-02 10:43:20
U421,P170,view,2024-07-03 01:53:07
U081,P137,purchase,2024-02-22 23:10:02
U383,P101,wishlist,2024-09-03 05:44:02
U074,P077,remove_from_cart,2024-01-05 07:55:38
U284,P143,add_to_cart,2024-02-17 20:38:05
U022,P002,share,2024-07-27 14:37:11
U281,P022,wishlist,2024-03-22 13:50:05
U384,P190,remove_from_cart,2024-03-23 05:31:52
U212,P166,add_to_cart,2024-03-03 12:12:12
U095,P057,wishlist,2024-03-16 11:15:05
U059,P047,view,2024-11-26 15:30:31
U385,P141,review,2024-09-07 08:48:07
U282,P019,wishlist,2024-09-17 20:33:37
U035,P065,click,2024-03-17 16:03:55
U372,P149,review,2024-05-08 11:45:15
U183,P033,purchase,2024-02-08 20:29:15
U146,P159,click,2024-12-15 13:42:48
U100,P082,review,2024-06-24 00:19:29
U169,P158,wishlist,2024-09-26 07:29:53
U300,P040,remove_from_cart,2024-11-09 16:18:26
U162,P110,add_to_cart,2024-01-02 21:02:11
U161,P064,purchase,2024-10-03 14:10:37
U379,P165,share,2024-04-17 10:50:34
U431,P093,add_to_cart,2024-09-20 22:08:46
U376,P085,review,2024-06-28 18:03:34
U229,P092,wishlist,2024-07-08 02:54:08
U283,P028,add_to_cart,2024-09-07 16:58:37
U311,P021,wishlist,2024-11-29 11:47:28
U424,P036,purchase,2024-04-12 05:31:29
U376,P161,click,2024-10-09 12:05:45
U039,P005,view,2024-11-11 14:22:34
U298,P149,share,2024-10-25 17:27:57
U303,P055,view,2024-08-02 05:13:43
U134,P140,review,2024-09-10 22:51:56
U397,P039,remove_from_cart,2024-06-01 10:20:59
U115,P198,wishlist,2024-02-21 23:51:49
U238,P129,click,2024-06-03 02:18:20
U187,P129,view,2024-09-14 08:36:40
U123,P158,add_to_cart,2024-10-21 01:40:19
U264,P036,review,2024-03-02 20:03:37
U092,P145,add_to_cart,2024-10-12 19:16:11
U375,P124,remove_from_cart,2024-01-16 16:44:24
U113,P195,review,2024-03-31 00:03:56
U033,P068,remove_from_cart,2024-03-31 21:12:43
U022,P172,purchase,2024-07-20 03:02:24
U465,P093,share,2024-07-01 09:40:51
U470,P117,view,2024-01-16 11:56:19
U333,P083,click,2024-09-30 07:17:50
U496,P134,wishlist,2024-11-20 05:34:24
U380,P068,add_to_cart,2024-05-26 06:43:17
U335,P097,remove_from_cart,2024-08-16 05:33:49
U335,P020,wishlist,2024-05-26 03:38:18
U499,P058,share,2024-05-17 01:14:52
U419,P089,review,2024-11-03 20:06:10
U247,P155,view,2024-07-13 21:27:34
U452,P036,review,2024-03-05 07:33:29
U118,P020,wishlist,2024-03-23 03:28:56
U077,P048,add_to_cart,2024-05-20 16:09:45
U309,P184,click,2024-09-13 17:59:18
U118,P107,remove_from_cart,2024-10-06 17:16:09
U059,P124,review,2024-07-05 00:48:03
U108,P152,add_to_cart,2024-09-08 08:53:35
U427,P106,view,2024-04-04 15:10:18
U023,P033,add_to_cart,2024-02-22 07:43:08
U323,P132,view,2024-12-11 22:50:09
U294,P038,view,2024-03-05 14:24:50
U133,P047,share,2024-08-20 18:25:01
U497,P145,view,2024-12-07 04:17:49
U369,P187,wishlist,2024-02-03 07:14:02
U111,P115,review,2024-12-02 19:50:39
U247,P044,purchase,2024-11-18 11:32:58
U211,P154,add_to_cart,2024-11-04 14:21:30
U299,P197,add_to_cart,2024-08-30 00:45:15
U338,P131,wishlist,2024-03-06 03:16:46
U371,P176,remove_from_cart,2024-12-24 04:56:35
U233,P153,click,2024-03-30 06:01:11
U194,P099,add_to_cart,2024-02-12 03:56:48
U009,P052,share,2024-11-16 23:40:14
U077,P156,click,2024-03-09 21:41:40
U244,P158,view,2024-12-06 21:14:51
U402,P137,click,2024-02-06 04:35:36
U247,P169,add_to_cart,2024-12-16 07:06:26
U309,P139,view,2024-12-14 08:21:23
U481,P199,share,2024-07-21 17:48:17
U216,P095,view,2024-09-27 22:30:08
U272,P110,purchase,2024-12-30 10:43:24
U411,P124,share,2024-05-16 03:03:46
U302,P190,click,2024-06-14 05:50:55
U069,P066,review,2024-10-24 10:19:20
U120,P022,wishlist,2024-08-20 08:29:19
U449,P140,share,2024-04-10 02:54:59
U097,P002,view,2024-08-12 11:13:50
U268,P031,view,2024-05-25 15:31:54
U336,P053,remove_from_cart,2024-06-07 18:42:44
U186,P028,add_to_cart,2024-06-14 11:16:30
U334,P150,wishlist,2024-04-11 11:31:10
U438,P138,share,2024-08-07 07:06:29
U188,P157,wishlist,2024-09-21 07:42:17
U204,P194,purchase,2024-06-09 11:33:56
U283,P143,review,2024-03-10 09:47:14
U190,P144,review,2024-04-08 13:22:44
U158,P148,remove_from_cart,2024-10-27 16:00:56
U362,P102,add_to_cart,2024-11-28 01:10:03
U443,P169,click,2024-10-17 10:08:00
U118,P115,add_to_cart,2024-02-08 22:39:52
U110,P131,share,2024-11-01 06:48:25
U174,P141,view,2024-03-03 10:11:12
U200,P163,view,2024-11-08 09:15:57
U047,P038,review,2024-12-25 13:39:26
U308,P112,click,2024-01-25 21:16:23
U135,P057,remove_from_cart,2024-02-01 02:01:27
U312,P010,share,2024-12-27 10:36:46
U206,P158,wishlist,2024-10-03 08:38:49
U494,P153,view,2024-10-27 10:33:12
U420,P045,review,2024-06-19 11:30:57
U006,P052,wishlist,2024-03-16 15:10:08
U018,P154,purchase,2024-08-26 21:59:10
U087,P173,view,2024-05-19 17:01:11
U123,P168,view,2024-03-02 03:29:29
U045,P071,share,2024-05-17 03:23:18
U343,P102,share,2024-08-15 14:39:47
U103,P133,view,2024-10-13 04:38:37
U361,P018,click,2024-08-01 10:34:29
U146,P186,remove_from_cart,2024-05-14 22:42:09
U494,P071,purchase,2024-08-23 11:42:59
U494,P050,review,2024-12-27 01:33:39
U207,P148,view,2024-04-11 09:41:54
U090,P105,click,2024-08-04 22:48:56
U038,P129,wishlist,2024-05-12 00:42:42
U485,P030,wishlist,2024-12-06 05:57:55
U276,P148,wishlist,2024-09-26 14:20:13
U227,P097,review,2024-10-26 00:36:51
U125,P194,remove_from_cart,2024-10-28 05:06:17
U235,P175,review,2024-12-14 04:12:27
U301,P008,review,2024-02-15 03:41:56
U133,P018,share,2024-09-03 02:09:21
U404,P057,purchase,2024-11-06 18:02:41
U162,P106,remove_from_cart,2024-07-19 14:10:05
U275,P003,wishlist,2024-04-06 09:55:43
U148,P024,share,2024-09-18 15:19:10
U384,P088,click,2024-08-03 08:47:40
U477,P046,review,2024-05-01 21:30:22
U182,P056,wishlist,2024-03-11 23:40:28
U485,P192,purchase,2024-07-12 19:00:39
U378,P052,purchase,2024-10-12 14:41:44
U124,P068,purchase,2024-03-30 00:22:08
U104,P064,remove_from_cart,2024-03-01 13:59:02
U399,P028,click,2024-12-23 08:46:30
U041,P174,review,2024-08-26 09:16:55
U004,P196,view,2024-11-25 08:01:53
U247,P096,remove_from_cart,2024-07-10 04:56:41
U460,P148,wishlist,2024-07-09 14:38:14
U094,P196,wishlist,2024-06-03 12:30:20
U114,P193,add_to_cart,2024-01-22 00:41:51
U270,P109,review,2024-12-30 22:12:50
U277,P009,remove_from_cart,2024-06-01 21:42:27
U441,P176,add_to_cart,2024-06-26 13:22:33
U500,P031,review,2024-05-02 14:04:58
U353,P003,view,2024-09-18 19:05:45
U108,P098,click,2024-05-06 09:17:06
U186,P157,wishlist,2024-03-13 16:23:13
U281,P068,purchase,2024-04-14 15:04:00
U242,P157,remove_from_cart,2024-05-22 02:39:37
U095,P128,share,2024-03-22 18:18:17
U215,P180,remove_from_cart,2024-05-21 18:46:24
U438,P103,wishlist,2024-06-24 01:05:55
U093,P147,add_to_cart,2024-08-11 15:42:33
U352,P059,click,2024-10-06 22:29:13
U139,P061,share,2024-11-28 13:22:33
U196,P051,add_to_cart,2024-11-06 16:53:22
U492,P190,add_to_cart,2024-07-02 16:33:30
U413,P003,add_to_cart,2024-06-12 16:51:26
U256,P035,remove_from_cart,2024-10-31 23:50:00
U250,P077,wishlist,2024-08-06 07:30:36
U440,P146,view,2024-06-03 17:22:29
U051,P177,add_to_cart,2024-01-24 07:34:46
U111,P066,review,2024-11-21 19:46:59
U323,P025,review,2024-10-16 04:06:42
U172,P067,remove_from_cart,2024-05-19 22:18:02
U287,P143,wishlist,2024-05-13 15:37:11
U011,P106,click,2024-05-16 08:24:01
U445,P174,purchase,2024-08-12 00:40:00
U295,P167,add_to_cart,2024-10-30 01:00:28
U146,P091,remove_from_cart,2024-09-18 10:36:43
U262,P125,review,2024-12-11 11:58:31
U041,P098,wishlist,2024-06-29 02:28:57
U324,P038,add_to_cart,2024-09-05 18:38:39
U414,P087,share,2024-09-02 03:53:40
U314,P147,share,2024-11-25 16:19:43
U465,P019,click,2024-03-03 21:56:40
U176,P059,remove_from_cart,2024-05-03 01:31:09
U335,P075,wishlist,2024-08-23 02:35:48
U331,P102,wishlist,2024-12-10 17:53:14
U228,P200,remove_from_cart,2024-10-17 10:53:28
U301,P134,review,2024-06-09 18:39:27
U086,P048,view,2024-02-18 13:27:23
U373,P061,wishlist,2024-10-15 21:25:14
U359,P192,click,2024-03-22 18:40:06
U086,P102,click,2024-02-07 02:37:30
U033,P122,view,2024-01-11 05:44:19
U395,P102,click,2024-02-10 08:40:58
U135,P159,add_to_cart,2024-02-02 17:50:16
U336,P100,wishlist,2024-03-30 01:45:08
U127,P189,wishlist,2024-06-21 02:33:16
U321,P033,add_to_cart,2024-07-23 13:35:39
U430,P044,view,2024-01-14 15:40:05
U340,P092,remove_from_cart,2024-12-01 15:18:40
U244,P120,wishlist,2024-08-01 00:48:45
U228,P035,add_to_cart,2024-08-17 10:56:36
U306,P117,share,2024-07-22 06:59:56
U328,P164,wishlist,2024-12-18 23:46:40
U178,P124,purchase,2024-11-08 12:25:12
U046,P114,wishlist,2024-05-22 01:20:51
U212,P067,add_to_cart,2024-04-27 21:30:16
U006,P001,add_to_cart,2024-05-13 13:14:23
U147,P121,view,2024-09-24 02:28:50
U473,P126,review,2024-04-26 08:34:20
U005,P197,share,2024-11-05 21:34:14
U150,P153,purchase,2024-11-05 10:24:37
U004,P141,remove_from_cart,2024-03-14 05:36:32
U211,P144,share,2024-06-02 07:21:21
U128,P042,share,2024-11-17 17:29:52
U194,P057,wishlist,2024-01-31 18:17:17
U217,P161,purchase,2024-07-19 15:09:17
U392,P157,wishlist,2024-04-20 13:22:50
U333,P191,wishlist,2024-06-09 08:32:35
U097,P018,add_to_cart,2024-02-23 01:25:41
U149,P029,review,2024-08-27 21:39:19
U232,P070,review,2024-03-13 22:19:28
U165,P005,add_to_cart,2024-01-20 06:36:15
U497,P137,view,2024-03-13 05:03:50
U498,P027,wishlist,2024-04-14 13:04:49
U065,P184,review,2024-10-09 09:07:44
U005,P060,click,2024-02-28 12:28:25
U008,P127,purchase,2024-05-12 18:51:31
U216,P080,review,2024-05-24 05:40:18
U238,P179,view,2024-05-08 06:08:25
U042,P193,add_to_cart,2024-01-22 18:18:54
U137,P199,share,2024-01-28 17:21:12
U279,P121,add_to_cart,2024-03-15 15:21:43
U459,P065,share,2024-11-17 15:52:07
U007,P032,purchase,2024-05-29 10:34:34
U395,P114,purchase,2024-10-13 11:06:26
U018,P051,review,2024-10-12 13:42:18
U395,P025,purchase,2024-07-02 15:03:12
U200,P175,wishlist,2024-12-29 14:09:30
U166,P041,view,2024-10-16 05:20:10
U480,P141,click,2024-04-08 09:02:45
U247,P164,wishlist,2024-03-18 04:14:18
U185,P014,purchase,2024-02-13 20:34:10
U121,P163,share,2024-05-06 00:41:05
U008,P043,wishlist,2024-08-15 01:46:11
U062,P102,purchase,2024-01-04 11:13:56
U497,P011,review,2024-09-24 08:24:50
U306,P040,remove_from_cart,2024-10-26 08:20:55
U046,P064,add_to_cart,2024-07-13 03:35:05
U047,P176,remove_from_cart,2024-12-27 12:08:22
U497,P195,view,2024-01-24 05:08:40
U183,P166,add_to_cart,2024-09-29 08:51:07
U275,P028,add_to_cart,2024-07-08 11:01:30
U120,P082,remove_from_cart,2024-11-08 20:02:26
U457,P113,purchase,2024-01-09 07:01:22
U353,P097,remove_from_cart,2024-10-08 07:53:22
U069,P065,view,2024-07-07 11:20:37
U362,P113,wishlist,2024-07-29 18:38:53
U357,P126,purchase,2024-08-08 02:02:34
U096,P140,remove_from_cart,2024-05-05 16:55:27
U375,P120,wishlist,2024-12-02 23:11:40
U426,P154,add_to_cart,2024-01-27 17:58:34
U272,P040,review,2024-04-24 19:52:08
U420,P068,remove_from_cart,2024-06-25 08:19:22
U001,P199,share,2024-10-11 22:11:08
U095,P005,remove_from_cart,2024-10-28 08:59:55
U318,P062,remove_from_cart,2024-10-07 00:14:25
U033,P169,share,2024-03-14 17:42:41
U269,P175,review,2024-10-24 09:09:32
U283,P040,wishlist,2024-05-05 06:51:01
U210,P165,remove_from_cart,2024-02-12 21:36:01
U050,P134,click,2024-01-18 00:02:01
U428,P034,add_to_cart,2024-12-05 05:32:34
U017,P052,click,2024-07-07 11:58:44
U099,P026,view,2024-08-09 18:13:09
U329,P100,review,2024-07-23 05:00:37
U320,P180,wishlist,2024-01-20 01:30:40
U188,P057,click,2024-01-06 01:58:16
U477,P054,review,2024-12-26 13:20:59
U456,P021,review,2024-11-07 02:02:49
U328,P016,remove_from_cart,2024-08-04 17:07:20
U381,P107,remove_from_cart,2024-11-04 10:56:33
U363,P015,wishlist,2024-07-24 10:49:53
U021,P188,click,2024-11-20 01:41:53
U156,P020,purchase,2024-07-20 17:57:13
U050,P026,purchase,2024-07-25 11:26:24
U198,P049,purchase,2024-07-23 08:27:54
U337,P064,add_to_cart,2024-08-04 20:53:02
U384,P143,share,2024-10-16 18:14:02
U055,P197,remove_from_cart,2024-09-18 22:43:34
U235,P180,share,2024-12-08 20:30:58
U054,P043,add_to_cart,2024-08-01 14:02:58
U206,P130,remove_from_cart,2024-09-12 08:38:28
U081,P137,review,2024-12-28 13:02:12
U181,P081,remove_from_cart,2024-11-24 02:36:36
U191,P106,share,2024-11-16 20:19:20
U372,P083,purchase,2024-08-06 16:53:20
U280,P055,share,2024-10-24 08:55:04
U282,P191,wishlist,2024-05-19 19:31:22
U493,P116,review,2024-06-03 05:09:08
U001,P186,view,2024-04-20 11:33:57
U306,P005,add_to_cart,2024-12-11 18:25:34
U155,P002,wishlist,2024-03-27 04:08:02
U110,P081,view,2024-10-26 15:06:58
U421,P177,wishlist,2024-12-22 22:44:43
U284,P131,add_to_cart,2024-02-06 14:49:11
U020,P118,remove_from_cart,2024-03-01 15:01:25
U071,P068,remove_from_cart,2024-12-11 11:54:33
U299,P064,purchase,2024-04-09 12:21:56
U416,P077,click,2024-08-09 13:19:32
U205,P146,purchase,2024-10-12 03:51:17
U040,P186,remove_from_cart,2024-11-03 22:24:09
U248,P045,review,2024-11-16 16:07:50
U461,P177,click,2024-08-19 03:57:24
U329,P077,view,2024-10-10 19:27:01
U414,P148,share,2024-01-31 11:27:44
U400,P015,remove_from_cart,2024-05-15 02:56:40
U451,P112,share,2024-12-27 06:31:18
U445,P031,purchase,2024-10-17 08:52:12
U335,P155,view,2024-09-03 04:15:21
U399,P162,share,2024-01-22 00:30:32
U157,P135,view,2024-05-04 00:14:45
U277,P145,add_to_cart,2024-05-06 22:17:29
U258,P179,purchase,2024-02-29 11:54:14
U026,P173,share,2024-06-22 01:26:39
U386,P153,click,2024-03-27 05:59:17
U222,P075,share,2024-02-27 11:34:32
U068,P087,click,2024-07-03 19:17:12
U293,P191,view,2024-07-31 21:09:02
U205,P068,click,2024-06-03 18:32:28
U257,P112,add_to_cart,2024-10-22 22:39:41
U070,P124,purchase,2024-07-08 11:11:42
U203,P167,purchase,2024-08-05 22:27:40
U316,P189,purchase,2024-04-04 02:32:25
U037,P069,share,2024-05-05 14:24:53
U351,P148,click,2024-02-13 16:51:15
U344,P106,share,2024-05-21 20:32:28
U179,P049,remove_from_cart,2024-05-13 19:12:17
U305,P168,view,2024-10-25 21:56:58
U157,P044,remove_from_cart,2024-08-27 07:35:45
U421,P114,add_to_cart,2024-06-20 01:25:00
U023,P060,purchase,2024-09-23 04:00:39
U192,P040,click,2024-02-13 15:22:49
U379,P014,purchase,2024-08-29 04:09:44
U475,P038,wishlist,2024-01-06 08:00:12
U176,P178,click,2024-04-28 11:54:22
U231,P121,view,2024-05-08 21:18:54
U108,P190,purchase,2024-03-20 03:33:58
U280,P134,wishlist,2024-08-01 03:11:14
U248,P160,add_to_cart,2024-09-26 22:31:57
U358,P172,view,2024-05-26 06:13:42
U299,P170,view,2024-04-09 05:01:32
U088,P016,wishlist,2024-03-18 22:37:22
U405,P179,wishlist,2024-01-21 14:47:25
U239,P168,view,2024-01-26 20:44:11
U199,P170,wishlist,2024-09-14 11:26:12
U437,P169,remove_from_cart,2024-12-01 15:41:40
U056,P005,wishlist,2024-12-02 20:51:04
U453,P167,share,2024-03-30 18:38:51
U195,P131,click,2024-12-17 00:41:53
U162,P125,click,2024-03-13 09:32:09
U102,P129,review,2024-08-05 17:59:11
U475,P183,view,2024-01-16 10:31:09
U127,P136,wishlist,2024-05-09 13:05:39
U251,P101,add_to_cart,2024-01-08 03:14:29
U178,P176,remove_from_cart,2024-05-18 00:21:51
U321,P078,purchase,2024-07-13 16:00:08
U142,P016,wishlist,2024-12-07 05:51:56
U199,P008,wishlist,2024-03-28 14:34:59
U078,P088,share,2024-09-12 03:02:52
U071,P023,share,2024-07-21 05:26:31
U492,P174,purchase,2024-06-11 01:49:43
U124,P147,add_to_cart,2024-06-14 14:56:30
U497,P080,remove_from_cart,2024-06-23 10:33:36
U278,P034,purchase,2024-09-10 09:29:09
U071,P149,purchase,2024-11-30 23:53:59
U071,P080,add_to_cart,2024-06-16 00:29:23
U466,P198,add_to_cart,2024-09-11 20:31:23
U478,P145,add_to_cart,2024-05-03 07:16:45
U035,P143,click,2024-03-12 12:15:52
U163,P038,view,2024-10-24 06:22:17
U164,P106,share,2024-04-27 19:24:33
U227,P191,wishlist,2024-02-29 00:20:32
U399,P049,click,2024-02-21 02:05:47
U095,P007,wishlist,2024-08-23 04:38:35
U291,P157,purchase,2024-08-19 14:29:04
U119,P060,view,2024-05-19 12:33:30
U041,P177,review,2024-02-22 01:46:40
U258,P155,review,2024-10-03 12:29:57
U333,P096,add_to_cart,2024-11-26 22:25:19
U199,P126,review,2024-02-23 09:42:41
U084,P050,purchase,2024-01-13 12:24:04
U210,P196,view,2024-12-25 09:40:48
U139,P106,purchase,2024-10-15 07:21:31
U344,P052,purchase,2024-01-26 16:26:06
U091,P113,review,2024-09-24 03:20:42
U167,P118,purchase,2024-06-15 01:06:28
U208,P199,view,2024-08-24 02:19:04
U377,P098,remove_from_cart,2024-06-02 01:45:03
U314,P191,view,2024-07-21 04:48:04
U056,P116,review,2024-11-17 04:17:34
U450,P011,purchase,2024-07-20 10:39:32
U276,P102,view,2024-08-04 14:08:58
U199,P133,view,2024-03-14 17:32:00
U150,P113,share,2024-12-09 11:10:58
U156,P199,wishlist,2024-06-28 04:04:02
U086,P109,wishlist,2024-08-26 02:49:32
U471,P014,add_to_cart,2024-06-29 00:52:08
U425,P166,review,2024-02-05 02:58:09
U370,P129,click,2024-03-10 19:35:26
U399,P150,add_to_cart,2024-06-01 15:38:50
U212,P083,review,2024-01-10 16:11:51
U092,P117,purchase,2024-12-08 17:56:51
U233,P024,wishlist,2024-05-05 20:35:45
U355,P167,add_to_cart,2024-10-05 23:44:15
U376,P032,click,2024-02-14 08:05:39
U362,P116,remove_from_cart,2024-02-03 03:06:52
U269,P182,share,2024-10-09 06:57:18
U406,P131,add_to_cart,2024-05-27 01:32:26
U282,P098,view,2024-10-25 08:42:18
U088,P086,add_to_cart,2024-03-03 23:06:21
U445,P038,add_to_cart,2024-10-25 17:03:39
U365,P014,share,2024-04-29 15:20:52
U159,P187,review,2024-04-22 03:37:46
U321,P047,click,2024-12-14 23:01:03
U068,P052,view,2024-08-29 18:40:58
U392,P065,view,2024-06-27 02:51:33
U255,P128,view,2024-08-24 02:49:15
U452,P127,purchase,2024-03-25 05:24:38
U302,P169,review,2024-06-25 05:08:57
U210,P114,click,2024-08-21 11:44:40
U308,P002,purchase,2024-12-08 14:24:01
U281,P072,purchase,2024-01-19 23:57:22
U095,P038,view,2024-09-10 16:58:54
U179,P010,add_to_cart,2024-11-27 14:15:56
U017,P171,wishlist,2024-05-08 14:10:44
U472,P023,view,2024-02-12 06:54:23
U214,P046,add_to_cart,2024-09-18 00:20:14
U146,P157,add_to_cart,2024-06-25 20:03:22
U384,P149,remove_from_cart,2024-12-27 18:01:16
U019,P024,wishlist,2024-05-05 08:55:03
U189,P098,click,2024-10-21 13:11:30
U219,P141,click,2024-04-23 17:23:55
U242,P035,click,2024-09-26 18:19:20
U441,P071,remove_from_cart,2024-07-23 16:29:15
U212,P135,purchase,2024-09-27 05:36:03
U108,P157,view,2024-02-12 10:46:14
U293,P187,click,2024-07-06 20:03:56
U371,P177,wishlist,2024-06-14 20:25:41
U312,P082,wishlist,2024-07-23 01:00:04
U295,P160,remove_from_cart,2024-12-26 01:14:54
U067,P158,review,2024-07-20 20:00:32
U374,P162,review,2024-07-10 06:28:27
U414,P047,purchase,2024-10-02 04:30:36
U149,P050,view,2024-02-15 21:46:13
U013,P120,click,2024-10-13 09:42:12
U435,P054,share,2024-06-09 19:08:35
U024,P086,remove_from_cart,2024-08-05 15:27:03
U413,P164,purchase,2024-01-05 09:17:53
U328,P052,wishlist,2024-04-08 19:20:35
U405,P018,wishlist,2024-04-26 14:50:58
U260,P141,remove_from_cart,2024-10-24 21:15:43
U004,P030,remove_from_cart,2024-05-12 13:43:14
U203,P186,view,2024-11-19 03:12:02
U090,P050,remove_from_cart,2024-11-19 19:48:54
U174,P173,review,2024-12-21 19:15:30
U243,P010,add_to_cart,2024-07-05 23:51:48
U080,P161,review,2024-12-12 10:35:10
U443,P138,remove_from_cart,2024-06-28 14:32:00
U402,P106,view,2024-11-20 07:44:58
U267,P077,remove_from_cart,2024-08-03 14:37:35
U275,P005,purchase,2024-08-12 05:44:09
U351,P085,remove_from_cart,2024-01-26 17:09:00
U497,P039,wishlist,2024-11-22 12:15:24
U016,P087,share,2024-08-31 07:30:15
U274,P043,share,2024-03-13 18:29:52
U305,P030,wishlist,2024-09-30 21:33:26
U440,P081,view,2024-04-15 10:32:21
U212,P023,review,2024-12-06 14:41:12
U122,P096,review,2024-11-18 03:06:14
U487,P078,purchase,2024-07-22 22:17:26
U155,P045,click,2024-05-25 07:56:34
U402,P010,purchase,2024-12-20 17:04:29
U048,P114,view,2024-11-06 07:27:19
U248,P129,add_to_cart,2024-03-14 20:54:04
U175,P124,wishlist,2024-10-28 04:29:36
U168,P037,click,2024-11-15 06:53:10
U481,P133,add_to_cart,2024-03-20 16:28:56
U371,P010,review,2024-05-30 12:35:02
U366,P134,click,2024-01-02 14:18:24
U160,P012,click,2024-05-09 10:29:08
U240,P012,click,2024-07-21 04:08:09
U393,P169,wishlist,2024-01-09 17:31:52
U296,P195,wishlist,2024-09-05 02:31:17
U457,P054,remove_from_cart,2024-03-18 21:18:46
U099,P074,wishlist,2024-07-25 17:10:12
U164,P198,review,2024-09-17 15:19:46
U061,P070,add_to_cart,2024-03-02 03:58:09
U141,P030,view,2024-08-29 22:16:04
U287,P132,click,2024-03-21 05:26:26
U278,P090,remove_from_cart,2024-04-15 06:23:19
U073,P181,wishlist,2024-08-10 22:50:27
U126,P044,click,2024-04-30 22:14:57
U314,P087,review,2024-01-20 16:48:08
U067,P008,review,2024-12-16 19:17:43
U346,P013,click,2024-05-28 23:24:28
U028,P023,share,2024-06-01 04:55:44
U092,P181,review,2024-08-27 08:28:31
U183,P080,remove_from_cart,2024-11-13 11:06:41
U102,P183,click,2024-12-24 08:58:12
U387,P196,review,2024-08-08 12:10:47
U068,P024,review,2024-02-07 18:33:24
U234,P080,review,2024-07-01 17:48:19
U119,P058,add_to_cart,2024-11-30 09:59:56
U459,P158,wishlist,2024-12-20 12:29:12
U187,P101,add_to_cart,2024-09-28 16:52:51
U470,P171,remove_from_cart,2024-11-02 07:57:01
U441,P084,review,2024-07-08 07:53:31
U016,P017,review,2024-02-13 20:11:01
U180,P123,review,2024-11-24 11:06:46
U088,P073,remove_from_cart,2024-08-22 17:47:28
U295,P033,click,2024-06-06 13:16:02
U419,P183,click,2024-05-06 13:19:33
U285,P167,click,2024-11-03 17:59:30
U155,P137,review,2024-06-04 15:52:49
U303,P106,purchase,2024-08-29 02:58:22
U125,P141,add_to_cart,2024-07-06 08:03:27
U197,P017,remove_from_cart,2024-03-21 20:55:12
U417,P178,share,2024-10-31 14:20:09
U223,P146,remove_from_cart,2024-07-30 11:21:30
U356,P061,add_to_cart,2024-09-14 07:59:37
U343,P020,review,2024-02-14 09:33:58
U304,P153,review,2024-05-06 08:44:37
U285,P025,review,2024-03-09 10:03:38
U158,P104,click,2024-08-20 08:10:47
U056,P176,share,2024-05-07 03:39:57
U254,P166,view,2024-02-05 03:49:43
U112,P036,view,2024-10-21 00:28:32
U076,P170,add_to_cart,2024-06-24 22:01:39
U273,P075,share,2024-08-27 01:32:54
U296,P115,purchase,2024-03-20 20:54:20
U349,P082,wishlist,2024-08-09 11:21:40
U407,P174,wishlist,2024-12-22 17:03:20
U483,P112,remove_from_cart,2024-02-04 16:13:08
U299,P003,share,2024-11-25 04:32:49
U066,P076,view,2024-05-23 09:24:24
U462,P141,view,2024-01-01 07:51:36
U361,P144,remove_from_cart,2024-02-12 14:27:44
U441,P073,view,2024-04-01 08:36:23
U222,P180,share,2024-08-30 19:25:10
U163,P183,share,2024-06-06 16:29:55
U196,P112,purchase,2024-09-14 06:49:53
U089,P122,add_to_cart,2024-03-14 02:24:04
U285,P099,remove_from_cart,2024-11-22 05:01:10
U214,P040,wishlist,2024-12-04 22:29:10
U344,P033,add_to_cart,2024-01-05 12:08:43
U037,P166,view,2024-02-25 22:08:20
U370,P125,share,2024-02-22 17:31:18
U044,P036,share,2024-11-30 01:12:17
U234,P179,share,2024-08-30 01:05:48
U093,P117,share,2024-08-02 09:28:45
U420,P116,share,2024-05-17 23:42:12
U116,P048,share,2024-08-22 19:01:52
U004,P148,review,2024-11-24 20:47:03
U375,P061,wishlist,2024-06-08 13:17:09
U475,P140,remove_from_cart,2024-01-13 23:53:14
U020,P146,review,2024-09-30 17:58:53
U189,P029,review,2024-09-25 03:54:03
U041,P037,wishlist,2024-06-29 13:31:14
U265,P021,click,2024-04-05 05:43:17
U242,P162,click,2024-09-22 16:01:55
U325,P139,wishlist,2024-08-26 01:56:19
U028,P088,view,2024-07-01 02:10:26
U233,P132,review,2024-08-10 21:44:39
U376,P085,share,2024-05-17 01:24:06
U492,P076,wishlist,2024-03-06 01:17:21
U019,P178,wishlist,2024-10-09 07:52:02
U402,P145,wishlist,2024-01-24 20:27:18
U323,P122,add_to_cart,2024-08-10 11:26:31
U027,P169,wishlist,2024-11-10 03:27:18
U378,P160,view,2024-04-21 09:18:56
U249,P022,add_to_cart,2024-07-15 08:29:50
U040,P072,wishlist,2024-02-21 11:21:02
U316,P072,wishlist,2024-11-29 03:49:10
U132,P004,click,2024-08-22 12:01:28
U090,P152,add_to_cart,2024-09-12 23:46:33
U229,P095,add_to_cart,2024-04-11 11:03:02
U401,P180,purchase,2024-07-07 07:46:05
U093,P136,view,2024-05-13 03:34:29
U044,P038,add_to_cart,2024-11-21 07:07:49
U254,P193,share,2024-10-26 04:20:53
U197,P061,review,2024-10-08 22:48:07
U327,P043,purchase,2024-08-12 09:05:21
U376,P089,view,2024-09-06 10:18:26
U136,P194,click,2024-01-21 09:33:06
U086,P119,share,2024-07-03 22:48:12
U155,P122,purchase,2024-05-27 11:59:59
U350,P181,share,2024-07-03 07:29:43
U135,P038,share,2024-01-05 14:34:17
U148,P115,share,2024-09-20 12:01:00
U162,P136,view,2024-02-07 19:30:04
U470,P137,remove_from_cart,2024-11-23 20:52:49
U222,P157,wishlist,2024-05-10 02:07:21
U139,P069,click,2024-04-09 03:58:40
U336,P150,share,2024-06-28 01:50:36
U396,P173,purchase,2024-10-12 04:17:50
U345,P151,purchase,2024-07-20 22:18:24
U173,P174,add_to_cart,2024-05-01 15:53:11
U281,P003,view,2024-11-18 23:54:28
U035,P004,share,2024-02-07 22:37:06
U269,P027,review,2024-05-16 12:22:13
U113,P186,wishlist,2024-04-07 19:50:30
U099,P009,view,2024-08-28 13:12:02
U048,P015,purchase,2024-08-20 18:40:22
U327,P032,click,2024-02-03 13:10:45
U439,P155,add_to_cart,2024-05-26 00:11:11
U337,P196,add_to_cart,2024-12-13 23:20:25
U057,P179,add_to_cart,2024-04-08 09:15:36
U151,P120,click,2024-09-05 01:51:57
U233,P071,share,2024-09-25 19:58:18
U463,P171,remove_from_cart,2024-04-09 22:33:03
U083,P200,click,2024-04-17 16:30:23
U398,P016,share,2024-05-30 21:55:31
U171,P016,wishlist,2024-11-11 15:51:11
U136,P046,review,2024-01-27 22:50:26
U252,P052,share,2024-03-10 07:12:05
U331,P126,click,2024-02-25 20:59:23
U277,P197,share,2024-03-25 19:30:34
U315,P165,click,2024-12-20 10:08:04
U227,P184,wishlist,2024-02-10 02:42:20
U018,P019,click,2024-08-09 21:19:02
U373,P065,review,2024-01-08 06:54:01
U460,P128,add_to_cart,2024-09-10 13:08:45
U328,P001,view,2024-09-15 02:34:31
U200,P069,add_to_cart,2024-09-28 20:59:14
U169,P101,view,2024-07-19 03:43:03
U363,P198,review,2024-07-04 16:34:56
U224,P104,click,2024-07-28 18:21:52
U116,P001,share,2024-09-24 16:22:51
U419,P200,review,2024-02-17 01:41:59
U291,P138,remove_from_cart,2024-05-09 11:53:00
U350,P078,share,2024-01-22 10:27:05
U324,P166,click,2024-05-21 21:21:31
U274,P088,click,2024-11-22 16:22:50
U236,P195,wishlist,2024-09-08 13:51:51
U104,P046,view,2024-05-29 04:39:53
U339,P049,wishlist,2024-09-27 06:05:34
U200,P028,remove_from_cart,2024-07-07 22:32:30
U044,P162,review,2024-10-12 13:43:05
U098,P036,view,2024-03-15 23:45:16
U013,P185,purchase,2024-07-08 23:58:40
U200,P017,wishlist,2024-07-13 01:23:37
U274,P116,view,2024-01-15 09:15:46
U174,P015,remove_from_cart,2024-11-01 22:37:41
U370,P011,share,2024-02-15 21:35:01
U109,P168,review,2024-09-20 08:08:36
U446,P138,add_to_cart,2024-10-14 19:06:02
U297,P060,click,2024-01-15 07:43:29
U377,P037,review,2024-09-10 22:09:05
U010,P121,view,2024-04-04 05:57:55
U360,P167,add_to_cart,2024-01-06 13:53:36
U089,P162,view,2024-12-17 08:03:51
U158,P025,review,2024-08-25 09:02:17
U088,P152,click,2024-11-13 14:27:00
U419,P028,click,2024-07-12 01:42:47
U305,P158,purchase,2024-01-25 12:13:43
U412,P052,share,2024-05-11 00:15:56
U416,P189,share,2024-05-05 22:05:19
U062,P176,add_to_cart,2024-05-04 21:26:05
U429,P055,view,2024-08-18 07:57:18
U089,P086,click,2024-02-16 21:25:46
U141,P037,share,2024-03-06 06:20:50
U357,P095,add_to_cart,2024-06-19 08:37:07
U125,P149,view,2024-02-21 19:06:24
U052,P162,share,2024-10-29 00:19:54
U081,P005,review,2024-02-01 08:23:21
U004,P002,add_to_cart,2024-12-25 16:13:19
U046,P181,wishlist,2024-06-10 15:28:20
U356,P198,review,2024-09-25 21:14:50
U065,P053,add_to_cart,2024-09-05 11:36:28
U139,P134,review,2024-06-09 00:24:37
U123,P045,view,2024-08-19 13:39:27
U093,P184,review,2024-08-25 16:43:03
U487,P023,wishlist,2024-05-15 02:13:48
U215,P002,purchase,2024-03-15 12:39:51
U061,P136,click,2024-08-28 08:45:40
U186,P195,purchase,2024-06-29 06:48:24
U395,P161,purchase,2024-04-17 08:28:57
U028,P050,click,2024-11-05 08:58:15
U077,P176,review,2024-07-12 05:10:27
U091,P041,view,2024-01-21 23:34:25
U331,P094,wishlist,2024-03-22 09:31:05
U223,P065,remove_from_cart,2024-08-27 13:10:22
U413,P195,review,2024-01-17 19:44:53
U054,P190,view,2024-12-25 04:19:57
U276,P046,add_to_cart,2024-11-01 01:18:58
U015,P125,click,2024-01-28 12:27:30
U459,P061,review,2024-08-18 04:25:35
U297,P084,share,2024-03-18 04:29:50
U383,P174,remove_from_cart,2024-03-30 08:20:41
U399,P029,remove_from_cart,2024-03-29 11:04:57
U051,P061,share,2024-12-03 19:55:40
U103,P097,purchase,2024-01-29 13:20:47
U242,P150,review,2024-01-22 02:28:46
U456,P112,add_to_cart,2024-03-24 22:48:19
U476,P157,review,2024-03-10 03:38:47
U199,P096,add_to_cart,2024-06-26 18:26:52
U369,P050,remove_from_cart,2024-04-14 17:44:06
U104,P086,add_to_cart,2024-01-13 11:08:35
U355,P146,view,2024-04-18 23:25:13
U070,P029,review,2024-06-27 02:15:55
U215,P044,remove_from_cart,2024-03-26 09:11:01
U454,P076,add_to_cart,2024-11-02 15:06:39
U407,P164,add_to_cart,2024-08-12 12:28:56
U497,P142,purchase,2024-02-03 13:59:57
U211,P134,review,2024-11-30 20:16:39
U111,P152,review,2024-11-21 01:18:11
U237,P072,view,2024-10-10 12:15:31
U220,P189,purchase,2024-04-06 05:57:23
U168,P112,purchase,2024-12-12 08:23:21
U475,P152,add_to_cart,2024-12-20 20:48:40
U294,P002,share,2024-01-18 04:11:57
U021,P121,view,2024-06-14 07:47:22
U272,P101,review,2024-11-10 11:06:17
U409,P179,click,2024-06-24 17:03:33
U254,P062,click,2024-08-04 21:28:32
U386,P004,share,2024-03-25 15:58:03
U068,P092,wishlist,2024-04-02 20:13:22
U332,P024,view,2024-07-05 07:54:04
U343,P079,add_to_cart,2024-09-30 03:16:22
U236,P147,view,2024-06-25 15:25:24
U238,P198,add_to_cart,2024-12-05 12:07:32
U361,P104,add_to_cart,2024-11-02 18:01:00
U447,P095,review,2024-09-30 08:50:33
U325,P001,click,2024-05-29 11:20:05
U458,P177,remove_from_cart,2024-07-25 04:32:10
U017,P076,share,2024-10-19 09:25:29
U139,P179,purchase,2024-11-01 21:49:12
U351,P021,remove_from_cart,2024-10-12 17:47:15
U478,P015,remove_from_cart,2024-12-10 20:33:14
U027,P029,share,2024-05-21 23:33:13
U239,P159,view,2024-05-21 23:22:12
U188,P045,click,2024-08-05 18:38:43
U364,P199,purchase,2024-02-23 18:02:08
U172,P062,click,2024-09-09 01:28:34
U245,P189,purchase,2024-10-19 12:05:08
U382,P195,purchase,2024-05-04 10:56:21
U181,P069,share,2024-04-17 15:10:54
U028,P017,remove_from_cart,2024-05-14 01:44:41
U232,P125,click,2024-07-01 14:14:40
U364,P137,wishlist,2024-06-24 12:44:37
U318,P095,click,2024-03-14 03:34:57
U457,P118,click,2024-02-01 03:14:32
U201,P046,wishlist,2024-01-30 21:12:03
U056,P043,wishlist,2024-02-13 12:08:41
U357,P038,review,2024-02-28 10:44:37
U448,P053,view,2024-04-23 20:32:14
U214,P175,add_to_cart,2024-07-03 01:06:50
U178,P108,review,2024-10-13 11:56:54
U331,P006,wishlist,2024-03-14 10:10:23
U033,P006,purchase,2024-11-20 06:16:29
U486,P134,remove_from_cart,2024-06-08 21:14:42
U297,P088,remove_from_cart,2024-07-07 19:13:53
U304,P171,review,2024-06-26 20:56:07
U156,P146,add_to_cart,2024-12-14 20:35:39
U405,P079,add_to_cart,2024-11-02 12:30:29
U134,P059,review,2024-05-24 10:22:50
U498,P074,view,2024-02-27 14:36:48
U181,P073,review,2024-03-05 14:36:58
U317,P042,wishlist,2024-03-11 18:58:38
U499,P045,add_to_cart,2024-03-03 15:00:10
U122,P030,view,2024-05-02 23:10:00
U295,P033,review,2024-04-11 03:10:15
U190,P048,purchase,2024-08-06 10:45:39
U363,P009,remove_from_cart,2024-05-13 12:53:11
U076,P096,review,2024-07-28 15:55:16
U500,P042,wishlist,2024-02-17 04:22:08
U472,P007,share,2024-12-27 14:11:28
U256,P197,add_to_cart,2024-06-26 21:14:56
U476,P082,add_to_cart,2024-01-02 16:01:32
U497,P190,remove_from_cart,2024-09-08 08:45:03
U362,P076,review,2024-12-13 23:06:54
U149,P194,add_to_cart,2024-11-06 12:35:24
U290,P187,review,2024-05-11 12:46:03
U353,P029,review,2024-12-15 14:14:03
U021,P036,click,2024-04-29 15:32:03
U013,P103,purchase,2024-06-22 04:46:00
U183,P024,remove_from_cart,2024-01-22 08:57:02
U312,P165,purchase,2024-08-14 13:58:30
U270,P057,wishlist,2024-03-17 00:12:08
U012,P022,review,2024-09-19 22:41:17
U344,P023,share,2024-03-16 12:24:20
U252,P082,view,2024-12-18 19:20:21
U342,P093,share,2024-02-27 10:57:21
U367,P110,remove_from_cart,2024-05-29 22:49:49
U191,P004,wishlist,2024-05-13 22:53:21
U180,P079,review,2024-12-05 13:04:58
U288,P023,purchase,2024-10-09 16:05:05
U455,P114,share,2024-11-08 02:53:30
U227,P074,add_to_cart,2024-11-08 21:24:52
U373,P109,share,2024-02-24 04:51:54
U428,P151,click,2024-02-25 18:48:54
U107,P078,review,2024-12-02 21:55:36
U269,P086,click,2024-12-28 09:36:58
U492,P152,share,2024-02-04 08:23:51
U004,P105,wishlist,2024-06-09 23:33:02
U090,P143,review,2024-10-02 19:58:54
U291,P194,add_to_cart,2024-03-18 09:12:54
U096,P098,wishlist,2024-08-03 02:24:50
U252,P011,wishlist,2024-11-20 02:53:52
U300,P078,review,2024-08-05 04:52:38
U379,P119,purchase,2024-01-11 10:10:01
U406,P001,add_to_cart,2024-04-12 00:19:38
U154,P164,review,2024-02-18 05:24:46
U335,P171,wishlist,2024-06-11 00:10:58
U092,P126,purchase,2024-01-12 01:06:14
U062,P196,wishlist,2024-07-10 11:33:40
U497,P018,remove_from_cart,2024-08-13 15:55:31
U247,P145,share,2024-12-03 05:34:14
U133,P161,review,2024-09-26 14:49:59
U419,P031,remove_from_cart,2024-07-18 01:05:14
U376,P148,view,2024-11-24 06:34:52
U133,P042,view,2024-02-26 18:05:48
U164,P119,add_to_cart,2024-05-18 19:04:26
U084,P014,wishlist,2024-05-20 06:17:14
U215,P163,remove_from_cart,2024-01-19 22:03:20
U149,P075,click,2024-07-18 13:34:58
U100,P197,add_to_cart,2024-10-23 23:25:17
U049,P154,add_to_cart,2024-07-30 03:45:58
U166,P081,wishlist,2024-04-15 10:10:51
U351,P179,remove_from_cart,2024-02-07 05:13:55
U274,P149,remove_from_cart,2024-11-15 17:51:01
U074,P004,add_to_cart,2024-07-20 05:42:05
U145,P096,review,2024-06-09 00:04:01
U175,P042,click,2024-03-25 14:45:12
U080,P129,purchase,2024-11-18 22:49:38
U097,P144,click,2024-06-11 01:56:56
U236,P020,click,2024-11-14 00:11:10
U068,P005,review,2024-05-15 05:33:05
U160,P177,remove_from_cart,2024-02-23 23:42:15
U419,P114,remove_from_cart,2024-03-07 21:05:13
U364,P078,view,2024-10-16 02:52:19
U418,P031,purchase,2024-02-19 23:42:21
U439,P178,add_to_cart,2024-09-24 05:03:51
U117,P079,add_to_cart,2024-03-22 11:51:35
U067,P021,share,2024-09-25 06:53:30
U391,P029,click,2024-01-08 07:17:18
U397,P124,share,2024-01-17 12:17:11
U101,P028,view,2024-11-03 23:48:36
U338,P132,view,2024-07-01 04:09:51
U061,P065,view,2024-01-26 17:28:12
U155,P171,view,2024-10-20 00:55:05
U050,P032,purchase,2024-08-16 04:51:26
U462,P052,add_to_cart,2024-09-17 10:27:03
U180,P008,click,2024-02-26 12:41:21
U434,P192,wishlist,2024-08-13 03:40:27
U179,P091,add_to_cart,2024-11-28 02:27:52
U257,P200,purchase,2024-07-15 02:05:42
U292,P018,click,2024-11-14 07:05:59
U297,P196,view,2024-07-24 09:08:03
U112,P184,purchase,2024-04-19 11:05:44
U088,P194,view,2024-10-08 16:44:45
U051,P055,review,2024-05-22 07:40:58
U358,P151,add_to_cart,2024-06-19 17:58:57
U345,P028,add_to_cart,2024-11-20 04:21:38
U182,P098,share,2024-03-24 05:10:42
U264,P059,share,2024-02-13 19:47:45
U390,P081,click,2024-06-29 22:31:06
U057,P134,add_to_cart,2024-07-11 13:20:24
U391,P093,wishlist,2024-08-04 08:50:51
U370,P011,click,2024-05-07 10:15:26
U253,P030,share,2024-04-20 03:27:00
U234,P154,wishlist,2024-09-23 19:44:16
U500,P114,purchase,2024-08-03 02:52:13
U209,P075,share,2024-03-14 07:36:12
U439,P018,review,2024-12-30 16:52:43
U348,P095,add_to_cart,2024-01-05 23:10:21
U346,P126,click,2024-06-02 22:26:02
U225,P134,click,2024-02-16 07:11:27
U074,P102,share,2024-09-26 22:12:55
U303,P027,add_to_cart,2024-01-26 03:08:41
U187,P051,remove_from_cart,2024-03-18 18:35:27
U305,P104,click,2024-03-31 10:30:08
U430,P109,review,2024-04-18 03:58:44
U392,P183,wishlist,2024-10-20 17:15:15
U405,P165,share,2024-05-18 07:04:02
U244,P171,share,2024-07-07 04:10:24
U262,P072,add_to_cart,2024-10-25 06:16:28
U233,P028,click,2024-04-07 08:35:55
U251,P128,purchase,2024-09-01 00:50:32
U483,P035,view,2024-02-08 16:22:15
U378,P014,click,2024-07-12 10:57:13
U348,P007,add_to_cart,2024-05-28 14:23:52
U310,P174,remove_from_cart,2024-02-29 07:36:31
U156,P160,click,2024-10-22 05:18:41
U040,P170,review,2024-11-03 20:47:32
U239,P052,wishlist,2024-09-14 03:09:22
U255,P126,wishlist,2024-07-29 15:53:22
U176,P139,view,2024-10-23 16:40:08
U017,P111,click,2024-05-28 23:41:22
U231,P081,share,2024-06-20 20:55:20
U236,P010,view,2024-03-09 16:32:24
U286,P169,wishlist,2024-12-09 14:00:13
U362,P043,review,2024-06-16 06:14:20
U069,P080,share,2024-07-08 07:24:33
U392,P029,review,2024-09-13 08:22:42
U284,P176,review,2024-07-03 19:48:45
U288,P041,view,2024-05-31 23:58:15
U135,P127,share,2024-08-27 14:17:40
U347,P091,wishlist,2024-05-04 11:06:57
U032,P008,view,2024-02-19 18:53:33
U429,P094,remove_from_cart,2024-11-10 09:35:05
U380,P150,view,2024-10-24 04:07:30
U457,P161,remove_from_cart,2024-05-27 19:12:03
U050,P110,remove_from_cart,2024-05-18 18:53:35
U211,P090,view,2024-09-13 19:12:12
U126,P064,purchase,2024-09-08 16:34:11
U160,P152,click,2024-12-19 13:26:26
U353,P017,wishlist,2024-02-14 10:56:59
U173,P044,view,2024-07-28 02:24:30
U167,P010,review,2024-09-12 10:50:24
U443,P109,share,2024-04-13 13:04:05
U011,P179,review,2024-08-16 08:27:24
U012,P082,share,2024-08-09 12:04:49
U200,P083,click,2024-11-09 22:08:58
U251,P026,purchase,2024-05-10 11:26:37
U255,P129,remove_from_cart,2024-03-05 17:04:41
U315,P077,remove_from_cart,2024-06-18 07:43:54
U104,P128,click,2024-11-22 08:54:49
U436,P138,purchase,2024-04-21 14:20:52
U136,P013,wishlist,2024-08-10 17:36:01
U206,P058,click,2024-10-05 17:30:45
U433,P149,click,2024-08-17 20:34:42
U173,P070,click,2024-08-07 23:29:39
U411,P136,review,2024-06-14 20:54:55
U108,P089,click,2024-09-10 00:45:47
U422,P078,wishlist,2024-06-17 03:01:05
U340,P139,remove_from_cart,2024-03-18 16:51:09
U213,P103,wishlist,2024-08-30 17:05:07
U264,P117,add_to_cart,2024-12-08 02:33:04
U010,P161,add_to_cart,2024-08-12 00:34:09
U256,P055,review,2024-04-14 01:20:38
U480,P164,share,2024-12-28 23:26:17
U290,P187,view,2024-07-21 19:54:19
U103,P094,review,2024-02-27 09:04:15
U124,P039,wishlist,2024-11-23 19:47:14
U223,P106,remove_from_cart,2024-11-30 01:30:50
U426,P017,purchase,2024-11-24 12:59:01
U212,P069,wishlist,2024-09-07 21:33:14
U083,P066,purchase,2024-06-06 14:56:41
U123,P030,add_to_cart,2024-03-15 12:47:12
U015,P063,wishlist,2024-06-29 06:16:55
U249,P144,share,2024-06-12 21:30:12
U332,P010,purchase,2024-03-02 21:19:43
U140,P035,view,2024-04-10 08:25:59
U405,P072,add_to_cart,2024-09-07 05:15:13
U437,P011,review,2024-10-30 18:56:49
U011,P015,click,2024-05-01 21:48:16
U309,P077,click,2024-12-15 17:57:58
U490,P105,remove_from_cart,2024-09-17 20:26:14
U337,P024,share,2024-11-22 03:36:03
U371,P036,purchase,2024-02-13 11:17:06
U293,P189,click,2024-07-21 16:59:49
U341,P149,wishlist,2024-07-11 19:15:34
U453,P024,purchase,2024-08-20 22:44:23
U063,P198,remove_from_cart,2024-05-07 21:10:01
U427,P150,share,2024-11-08 22:59:17
U384,P191,purchase,2024-12-29 07:29:34
U217,P056,add_to_cart,2024-02-11 11:34:43
U090,P055,wishlist,2024-06-19 16:12:27
U210,P066,view,2024-07-09 10:28:23
U274,P096,click,2024-05-02 21:54:00
U280,P109,review,2024-09-22 03:35:00
U127,P072,add_to_cart,2024-05-20 23:23:12
U244,P184,remove_from_cart,2024-11-14 23:40:48
U158,P006,view,2024-11-22 19:05:47
U379,P170,view,2024-09-25 05:37:37
U470,P172,purchase,2024-04-08 05:58:17
U283,P099,wishlist,2024-09-05 03:26:12
U491,P180,remove_from_cart,2024-12-16 18:02:03
U416,P176,click,2024-07-26 17:43:44
U444,P061,review,2024-05-30 20:48:44
U005,P101,wishlist,2024-04-26 20:28:51
U047,P194,purchase,2024-04-25 12:10:56
U108,P042,review,2024-09-02 04:38:01
U163,P197,share,2024-11-02 12:58:17
U018,P071,click,2024-11-15 16:45:33
U400,P126,review,2024-10-13 04:47:49
U212,P086,share,2024-12-06 12:00:24
U471,P026,add_to_cart,2024-09-28 06:19:33
U134,P130,click,2024-05-16 15:32:19
U216,P155,remove_from_cart,2024-06-25 00:42:20
U356,P008,view,2024-09-06 02:01:39
U329,P048,review,2024-11-03 04:50:03
U329,P035,view,2024-06-04 14:26:20
U103,P161,wishlist,2024-05-01 20:05:56
U295,P022,click,2024-03-02 07:00:42
U128,P133,add_to_cart,2024-11-24 22:14:36
U305,P176,share,2024-11-03 19:57:41
U481,P082,review,2024-07-04 18:41:21
U448,P189,add_to_cart,2024-04-11 05:42:45
U089,P176,remove_from_cart,2024-11-06 12:08:50
U145,P051,click,2024-06-09 23:23:12
U189,P047,share,2024-12-06 08:32:49
U194,P147,purchase,2024-01-09 01:15:38
U486,P006,purchase,2024-12-18 04:24:21
U046,P119,purchase,2024-04-11 15:59:45
U360,P044,view,2024-06-04 17:54:58
U317,P110,wishlist,2024-02-27 23:07:19
U046,P095,add_to_cart,2024-08-08 07:05:13
U061,P004,share,2024-10-27 08:13:52
U472,P117,review,2024-02-16 00:36:54
U115,P183,purchase,2024-03-15 00:00:01
U485,P069,wishlist,2024-10-16 21:21:11
U254,P098,add_to_cart,2024-06-16 12:05:14
U439,P053,purchase,2024-11-16 01:03:54
U145,P187,purchase,2024-06-11 11:07:38
U093,P105,add_to_cart,2024-01-12 04:11:05
U149,P068,purchase,2024-08-27 21:11:49
U231,P064,remove_from_cart,2024-08-14 09:03:01
U351,P166,review,2024-02-03 07:08:32
U006,P121,add_to_cart,2024-12-04 10:26:30
U166,P178,share,2024-09-23 17:55:43
U109,P183,share,2024-10-02 03:15:43
U217,P189,wishlist,2024-01-29 08:55:39
U049,P143,view,2024-01-21 05:43:29
U171,P061,review,2024-12-18 17:17:05
U182,P156,view,2024-01-03 01:58:04
U130,P130,share,2024-04-27 11:34:22
U203,P172,remove_from_cart,2024-02-21 08:32:59
U496,P144,view,2024-08-13 10:31:48
U092,P067,add_to_cart,2024-07-14 15:15:35
U253,P087,review,2024-02-21 05:34:45
U046,P082,share,2024-02-25 01:37:55
U134,P030,remove_from_cart,2024-01-18 03:37:16
U066,P128,wishlist,2024-10-17 10:13:08
U185,P111,wishlist,2024-12-16 14:38:15
U449,P068,wishlist,2024-07-19 18:32:04
U161,P112,add_to_cart,2024-05-02 13:04:23
U378,P126,add_to_cart,2024-08-03 19:15:49
U437,P169,review,2024-01-21 16:04:00
U097,P039,view,2024-03-30 06:27:20
U094,P010,review,2024-04-11 01:27:47
U084,P181,review,2024-06-18 11:49:16
U060,P127,view,2024-06-20 11:15:42
U183,P182,review,2024-06-26 18:37:46
U253,P029,add_to_cart,2024-02-18 00:32:27
U179,P024,purchase,2024-12-03 03:57:35
U146,P047,add_to_cart,2024-10-18 05:54:58
U261,P070,purchase,2024-08-14 15:03:21
U498,P002,add_to_cart,2024-06-10 17:18:22
U472,P020,purchase,2024-10-25 08:38:27
U256,P174,click,2024-12-10 14:51:59
U169,P007,wishlist,2024-09-21 14:17:28
U349,P032,share,2024-05-25 01:48:56
U303,P028,remove_from_cart,2024-02-29 17:17:28
U015,P021,review,2024-11-18 14:40:40
U363,P169,review,2024-06-25 08:06:14
U322,P069,view,2024-05-07 22:28:53
U497,P012,review,2024-05-06 04:25:53
U486,P188,add_to_cart,2024-03-23 02:04:54
U442,P013,wishlist,2024-05-05 12:10:14
U409,P015,click,2024-07-31 11:51:56
U488,P155,share,2024-02-05 22:38:16
U205,P066,add_to_cart,2024-04-03 05:42:32
U495,P198,share,2024-02-04 15:17:43
U011,P054,add_to_cart,2024-05-30 21:06:34
U400,P104,wishlist,2024-09-08 08:02:34
U386,P168,add_to_cart,2024-02-16 20:05:31
U153,P126,share,2024-10-12 18:59:06
U413,P080,add_to_cart,2024-05-19 10:32:06
U341,P025,remove_from_cart,2024-07-18 02:16:27
U103,P126,review,2024-12-09 20:38:51
U199,P122,wishlist,2024-08-06 16:04:20
U308,P109,click,2024-10-20 19:00:13
U217,P095,add_to_cart,2024-06-17 14:09:37
U323,P110,click,2024-01-16 16:54:37
U263,P088,review,2024-09-19 16:52:41
U115,P166,add_to_cart,2024-12-27 10:27:03
U254,P135,click,2024-04-22 21:32:54
U240,P112,click,2024-12-18 07:47:19
U411,P123,wishlist,2024-02-27 17:06:47
U066,P176,wishlist,2024-11-22 19:42:08
U128,P134,share,2024-04-24 18:05:18
U292,P013,click,2024-12-22 05:52:28
U024,P132,click,2024-07-17 07:37:03
U218,P106,click,2024-06-29 10:54:44
U339,P185,wishlist,2024-05-18 01:06:19
U131,P150,click,2024-10-25 12:18:25
U258,P005,click,2024-10-14 14:06:39
U339,P119,add_to_cart,2024-11-01 07:42:05
U094,P101,view,2024-02-02 08:19:27
U214,P181,wishlist,2024-05-01 22:11:31
U301,P186,review,2024-10-21 03:03:12
U344,P116,wishlist,2024-05-12 13:28:01
U495,P048,purchase,2024-03-12 21:08:22
U041,P192,wishlist,2024-12-04 12:02:52
U345,P028,share,2024-07-26 12:44:43
U010,P002,share,2024-02-15 07:31:12
U007,P044,review,2024-06-27 17:01:48
U355,P104,review,2024-04-27 14:18:01
U317,P158,remove_from_cart,2024-09-25 05:26:20
U345,P177,share,2024-11-08 11:47:42
U155,P023,add_to_cart,2024-02-22 11:21:11
U008,P049,click,2024-11-12 21:22:30
U009,P179,purchase,2024-11-29 14:34:20
U014,P054,review,2024-09-08 21:36:23
U075,P167,purchase,2024-06-18 05:50:34
U432,P161,purchase,2024-02-03 10:27:00
U155,P198,review,2024-02-27 13:00:14
U243,P109,view,2024-02-15 05:28:29
U086,P040,review,2024-07-07 08:57:51
U242,P006,review,2024-08-15 06:42:15
U125,P052,wishlist,2024-08-09 03:28:35
U425,P101,view,2024-05-09 15:42:29
U005,P027,share,2024-06-10 10:28:24
U435,P127,wishlist,2024-01-15 09:01:31
U250,P103,review,2024-07-18 08:49:19
U303,P186,review,2024-03-31 01:31:06
U366,P016,view,2024-06-12 21:22:02
U296,P081,click,2024-04-14 00:31:56
U458,P166,share,2024-12-11 07:23:27
U243,P030,review,2024-08-29 19:57:13
U481,P166,remove_from_cart,2024-06-23 02:41:43
U358,P112,view,2024-03-03 15:44:11
U148,P186,purchase,2024-07-01 05:38:16
U177,P113,purchase,2024-07-16 03:30:35
U113,P151,remove_from_cart,2024-12-23 23:11:54
U309,P184,review,2024-02-20 22:29:11
U453,P076,share,2024-06-10 21:25:36
U427,P173,remove_from_cart,2024-11-05 03:00:10
U242,P042,purchase,2024-04-19 16:41:31
U354,P192,click,2024-09-16 01:25:00
U248,P034,add_to_cart,2024-03-18 11:19:39
U081,P156,review,2024-02-09 04:29:27
U407,P107,review,2024-04-27 22:14:26
U121,P054,view,2024-01-08 00:59:21
U184,P067,remove_from_cart,2024-09-19 21:25:29
U082,P045,view,2024-11-09 08:03:57
U033,P087,share,2024-02-14 06:16:14
U317,P059,click,2024-08-06 06:02:48
U115,P125,wishlist,2024-05-12 04:03:05
U402,P091,view,2024-10-26 01:48:16
U450,P143,wishlist,2024-12-14 02:17:11
U078,P177,click,2024-10-01 08:10:15
U026,P113,review,2024-11-22 20:15:08
U387,P029,click,2024-10-30 13:31:42
U313,P157,click,2024-11-15 20:36:13
U288,P011,click,2024-03-05 20:59:03
U323,P031,purchase,2024-12-19 19:00:10
U186,P041,wishlist,2024-10-02 00:33:39
U227,P196,review,2024-10-11 11:52:42
U446,P026,add_to_cart,2024-09-08 07:20:37
U187,P086,add_to_cart,2024-02-17 18:17:20
U435,P052,review,2024-06-10 11:04:09
U394,P197,view,2024-04-05 06:30:41
U428,P122,remove_from_cart,2024-04-21 08:46:51
U259,P044,click,2024-04-13 07:26:43
U191,P184,share,2024-05-20 01:26:24
U323,P171,purchase,2024-02-28 21:07:08
U386,P193,share,2024-11-01 17:22:57
U117,P036,share,2024-06-09 13:15:18
U471,P105,review,2024-11-27 00:51:18
U265,P175,remove_from_cart,2024-01-12 13:24:38
U227,P038,view,2024-10-05 16:45:23
U413,P133,click,2024-02-02 22:11:24
U174,P081,share,2024-10-26 23:02:05
U085,P112,view,2024-06-01 17:30:26
U389,P010,add_to_cart,2024-12-16 12:00:48
U295,P015,wishlist,2024-06-11 20:12:31
U206,P175,wishlist,2024-10-07 05:20:35
U381,P081,remove_from_cart,2024-01-04 01:39:14
U424,P072,add_to_cart,2024-09-28 23:13:23
U207,P115,purchase,2024-12-10 16:50:34
U279,P160,review,2024-09-27 20:54:02
U177,P167,share,2024-10-28 03:15:17
U102,P078,click,2024-01-15 08:35:13
U276,P086,share,2024-10-08 14:24:34
U369,P190,add_to_cart,2024-07-21 03:07:45
U277,P073,purchase,2024-02-06 01:08:27
U262,P142,wishlist,2024-07-21 11:12:08
U175,P194,add_to_cart,2024-01-10 02:18:23
U015,P139,wishlist,2024-04-03 17:26:59
U427,P199,wishlist,2024-10-09 03:33:25
U217,P130,click,2024-10-11 06:36:20
U031,P096,wishlist,2024-08-31 11:57:57
U260,P091,click,2024-01-19 12:54:09
U388,P167,click,2024-06-23 06:31:51
U153,P147,view,2024-06-24 23:38:15
U174,P061,purchase,2024-05-16 01:22:43
U154,P073,add_to_cart,2024-10-04 10:14:01
U194,P134,purchase,2024-02-10 20:47:09
U168,P133,purchase,2024-11-15 13:27:00
U399,P093,review,2024-02-08 01:18:46
U076,P183,share,2024-11-17 17:35:54
U211,P021,click,2024-01-25 03:41:13
U218,P034,review,2024-03-24 09:56:08
U229,P020,remove_from_cart,2024-09-19 20:26:32
U270,P104,share,2024-12-04 15:46:01
U136,P150,review,2024-09-04 04:14:52
U217,P113,review,2024-10-11 04:05:46
U499,P107,add_to_cart,2024-02-26 01:24:14
U259,P033,review,2024-10-03 04:24:13
U235,P034,click,2024-09-26 16:56:10
U109,P117,review,2024-01-13 15:55:22
U383,P041,remove_from_cart,2024-12-23 22:50:31
U488,P031,share,2024-02-12 20:24:27
U062,P095,wishlist,2024-01-16 15:27:24
U268,P040,click,2024-05-24 06:19:36
U157,P096,wishlist,2024-04-24 04:06:15
U249,P008,add_to_cart,2024-02-25 04:50:20
U402,P151,share,2024-01-19 21:27:38
U480,P079,wishlist,2024-03-24 17:21:53
U094,P190,review,2024-01-01 19:26:26
U063,P141,remove_from_cart,2024-01-27 05:44:49
U446,P012,share,2024-07-05 20:53:21
U294,P080,review,2024-12-15 15:17:08
U173,P097,review,2024-11-20 01:43:50
U369,P156,add_to_cart,2024-10-22 21:54:00
U071,P130,review,2024-10-22 19:21:38
U231,P171,review,2024-02-27 20:37:06
U444,P187,remove_from_cart,2024-02-04 16:28:33
U410,P160,share,2024-05-30 09:17:34
U120,P102,remove_from_cart,2024-07-29 02:26:01
U024,P172,review,2024-10-12 19:12:15
U143,P166,click,2024-12-02 07:16:20
U085,P182,view,2024-08-10 03:22:40
U323,P198,wishlist,2024-08-05 21:18:44
U331,P032,click,2024-03-15 17:32:49
U490,P159,view,2024-08-09 11:03:46
U268,P049,review,2024-07-14 04:55:59
U460,P005,click,2024-09-12 15:22:32
U480,P137,add_to_cart,2024-01-08 08:50:47
U141,P053,purchase,2024-11-18 05:16:35
U362,P149,review,2024-02-02 20:58:33
U414,P137,remove_from_cart,2024-06-05 01:01:39
U302,P012,review,2024-11-30 18:10:59
U479,P006,remove_from_cart,2024-06-18 17:17:51
U093,P107,view,2024-11-29 20:30:14
U271,P082,share,2024-04-09 21:04:14
U047,P030,click,2024-07-29 09:44:55
U087,P074,add_to_cart,2024-03-11 22:35:52
U131,P197,click,2024-02-29 21:30:11
U158,P105,add_to_cart,2024-01-23 21:06:56
U315,P084,add_to_cart,2024-01-11 13:15:13
U366,P015,wishlist,2024-05-31 10:30:05
U051,P082,add_to_cart,2024-06-09 07:47:14
U458,P083,wishlist,2024-05-25 20:02:10
U483,P031,view,2024-03-19 15:59:27
U123,P193,purchase,2024-07-10 10:54:05
U261,P193,share,2024-02-14 16:38:10
U138,P016,remove_from_cart,2024-06-29 12:28:09
U284,P105,click,2024-07-07 00:48:20
U015,P105,purchase,2024-12-20 20:37:42
U454,P005,wishlist,2024-08-03 04:21:20
U494,P151,click,2024-04-05 15:49:56
U391,P143,add_to_cart,2024-04-28 07:11:50
U291,P105,review,2024-02-02 14:04:57
U434,P163,purchase,2024-10-31 00:59:06
U496,P037,remove_from_cart,2024-07-28 21:15:48
U087,P063,share,2024-12-19 23:43:40
U285,P116,view,2024-01-01 09:19:49
U417,P119,wishlist,2024-09-10 14:56:58
U498,P043,view,2024-01-24 08:52:18
U478,P124,wishlist,2024-08-20 04:31:52
U129,P175,share,2024-05-16 11:27:08
U432,P162,purchase,2024-08-15 06:04:43
U431,P131,wishlist,2024-01-18 15:56:54
U083,P190,click,2024-04-26 18:09:09
U046,P102,click,2024-11-18 12:48:12
U072,P186,wishlist,2024-12-07 02:09:22
U222,P054,remove_from_cart,2024-12-09 06:50:23
U350,P088,wishlist,2024-10-19 07:36:59
U363,P116,wishlist,2024-04-05 12:13:03
U340,P083,remove_from_cart,2024-03-22 19:09:25
U236,P154,remove_from_cart,2024-01-07 03:57:43
U468,P178,add_to_cart,2024-09-08 01:17:17
U473,P001,review,2024-01-02 15:53:07
U462,P003,add_to_cart,2024-06-09 10:57:30
U285,P179,review,2024-10-23 02:41:28
U202,P138,click,2024-11-01 18:12:59
U449,P167,click,2024-07-28 04:34:32
U016,P172,review,2024-09-18 01:47:09
U064,P091,share,2024-11-17 08:32:59
U308,P092,share,2024-03-09 19:29:56
U430,P197,view,2024-02-18 10:53:00
U237,P095,purchase,2024-06-21 15:45:50
U005,P057,view,2024-10-21 12:59:45
U144,P175,remove_from_cart,2024-03-15 09:01:05
U047,P158,wishlist,2024-11-09 22:58:09
U368,P057,purchase,2024-07-10 18:37:49
U496,P093,view,2024-04-19 00:50:20
U253,P181,purchase,2024-01-03 18:30:24
U101,P164,share,2024-02-13 02:05:47
U446,P072,review,2024-03-07 04:57:42
U283,P050,add_to_cart,2024-01-26 09:12:18
U302,P033,click,2024-02-19 11:44:31
U133,P146,purchase,2024-12-08 03:32:38
U268,P187,wishlist,2024-03-15 12:11:09
U435,P174,view,2024-09-26 03:05:45
U348,P137,wishlist,2024-09-21 08:24:02
U287,P117,view,2024-12-30 05:46:18
U219,P165,view,2024-11-27 14:33:00
U481,P083,share,2024-11-23 21:50:01
U209,P071,click,2024-09-21 03:40:34
U266,P120,review,2024-05-20 09:09:42
U265,P195,view,2024-12-09 05:38:08
U370,P058,view,2024-04-17 22:31:24
U471,P108,review,2024-05-02 19:35:19
U003,P101,purchase,2024-05-09 23:41:03
U042,P147,view,2024-10-13 09:28:40
U116,P177,share,2024-01-29 21:50:04
U470,P064,purchase,2024-03-04 21:04:45
U169,P080,click,2024-08-31 02:41:36
U321,P025,view,2024-07-05 09:36:40
U222,P007,remove_from_cart,2024-11-22 10:05:54
U129,P064,click,2024-07-02 22:03:11
U123,P088,view,2024-11-15 02:10:55
U171,P134,purchase,2024-01-29 07:34:41
U398,P154,review,2024-10-23 17:54:53
U049,P161,review,2024-08-12 20:03:37
U064,P022,view,2024-12-22 00:23:50
U018,P097,remove_from_cart,2024-12-11 16:10:54
U435,P178,click,2024-10-30 22:47:30
U066,P016,review,2024-01-22 06:40:08
U155,P157,share,2024-01-26 13:12:34
U053,P174,view,2024-08-05 04:39:46
U027,P076,share,2024-06-04 23:57:27
U050,P159,share,2024-03-31 12:45:40
U443,P154,view,2024-06-25 02:05:56
U197,P119,share,2024-12-07 17:37:05
U318,P159,click,2024-05-11 21:27:17
U334,P173,view,2024-06-25 08:18:07
U265,P085,purchase,2024-02-11 22:41:39
U053,P004,click,2024-08-18 06:06:09
U405,P050,add_to_cart,2024-09-04 12:39:38
U261,P066,remove_from_cart,2024-06-12 12:04:10
U247,P186,review,2024-03-13 04:55:54
U125,P036,view,2024-01-24 11:49:07
U066,P080,share,2024-07-18 06:40:42
U492,P167,remove_from_cart,2024-04-30 20:29:04
U299,P139,add_to_cart,2024-02-27 05:57:07
U241,P080,remove_from_cart,2024-04-23 00:54:45
U189,P003,add_to_cart,2024-01-23 06:14:21
U122,P130,view,2024-06-12 21:53:41
U177,P051,purchase,2024-09-05 18:24:12
U466,P052,click,2024-05-12 15:29:40
U097,P171,review,2024-09-26 19:50:01
U355,P120,remove_from_cart,2024-11-26 21:17:47
U297,P145,remove_from_cart,2024-08-27 06:29:50
U154,P108,remove_from_cart,2024-03-04 00:33:32
U054,P117,view,2024-07-11 14:24:32
U113,P001,purchase,2024-09-26 05:17:02
U118,P120,purchase,2024-04-02 19:49:08
U247,P189,remove_from_cart,2024-11-09 12:18:50
U379,P097,purchase,2024-06-04 11:11:00
U095,P002,remove_from_cart,2024-01-04 20:12:03
U038,P092,view,2024-08-03 10:06:01
U059,P037,wishlist,2024-06-20 00:54:04
U100,P162,remove_from_cart,2024-01-18 01:13:21
U500,P008,purchase,2024-03-17 19:51:45
U146,P045,purchase,2024-12-09 20:21:37
U135,P185,add_to_cart,2024-05-11 23:19:42
U434,P142,purchase,2024-03-10 08:07:36
U101,P006,add_to_cart,2024-11-23 08:13:27
U135,P026,view,2024-11-18 21:38:09
U347,P036,share,2024-09-11 07:49:23
U404,P029,remove_from_cart,2024-12-29 13:12:57
U108,P079,review,2024-04-03 06:21:34
U190,P096,add_to_cart,2024-07-23 15:18:47
U410,P160,share,2024-12-07 03:10:04
U365,P017,click,2024-02-26 02:12:21
U452,P034,purchase,2024-03-15 10:35:56
U273,P097,remove_from_cart,2024-05-03 11:31:25
U307,P110,purchase,2024-12-23 16:28:08
U024,P196,purchase,2024-11-27 19:54:55
U275,P076,add_to_cart,2024-05-07 06:12:16
U127,P014,wishlist,2024-12-04 23:33:56
U065,P131,review,2024-03-22 06:14:07
U373,P021,review,2024-11-03 04:37:42
U340,P158,click,2024-03-06 00:35:37
U261,P100,remove_from_cart,2024-07-12 15:10:29
U266,P119,add_to_cart,2024-05-04 23:36:32
U365,P096,review,2024-10-04 22:20:24
U490,P127,review,2024-04-14 05:04:03
U298,P103,view,2024-03-21 11:14:24
U113,P052,review,2024-12-01 05:18:40
U121,P102,purchase,2024-04-28 20:07:03
U218,P097,add_to_cart,2024-12-29 07:28:54
U432,P096,wishlist,2024-08-01 19:30:58
U044,P035,click,2024-04-24 14:02:48
U228,P133,remove_from_cart,2024-03-30 09:24:37
U299,P011,review,2024-07-17 22:37:43
U319,P087,share,2024-06-24 05:02:02
U240,P111,share,2024-05-22 17:27:34
U412,P128,remove_from_cart,2024-04-16 00:43:33
U196,P007,add_to_cart,2024-06-20 12:50:06
U120,P068,click,2024-05-19 10:59:19
U462,P022,wishlist,2024-11-23 05:37:58
U257,P132,click,2024-11-01 04:52:12
U142,P059,click,2024-02-16 01:19:09
U037,P093,view,2024-07-31 01:19:54
U103,P086,purchase,2024-09-19 04:27:22
U169,P065,wishlist,2024-10-16 09:52:23
U418,P197,wishlist,2024-03-15 00:54:58
U362,P155,add_to_cart,2024-11-28 01:10:12
U386,P184,wishlist,2024-01-04 07:32:29
U395,P077,wishlist,2024-11-15 08:28:26
U178,P104,share,2024-11-15 04:18:09
U297,P194,view,2024-07-02 07:23:45
U335,P132,add_to_cart,2024-12-02 02:43:44
U204,P059,purchase,2024-10-07 21:58:44
U384,P054,review,2024-03-31 18:27:28
U265,P151,review,2024-10-07 14:17:04
U417,P119,remove_from_cart,2024-11-03 13:10:54
U044,P081,purchase,2024-06-15 12:38:24
U395,P179,share,2024-03-22 09:28:17
U225,P116,view,2024-05-25 12:27:31
U072,P148,add_to_cart,2024-04-28 16:08:12
U483,P189,view,2024-07-13 02:28:32
U415,P169,remove_from_cart,2024-05-11 23:22:22
U116,P108,share,2024-09-23 07:46:21
U386,P104,wishlist,2024-05-06 15:16:52
U301,P006,view,2024-12-24 03:00:24
U072,P040,remove_from_cart,2024-08-08 15:55:22
U323,P155,share,2024-05-28 02:08:47
U105,P101,click,2024-07-26 13:48:47
U198,P049,review,2024-02-12 04:34:58
U169,P146,review,2024-09-05 03:56:32
U459,P078,click,2024-03-07 13:47:03
U054,P173,add_to_cart,2024-01-13 10:48:46
U424,P177,review,2024-01-11 10:09:10
U096,P051,click,2024-12-19 22:21:14
U494,P099,wishlist,2024-03-20 23:03:19
U120,P075,click,2024-06-25 13:46:21
U030,P095,view,2024-03-07 17:31:54
U168,P106,share,2024-03-01 23:40:35
U057,P034,share,2024-07-04 17:37:25
U381,P018,share,2024-12-16 22:02:45
U444,P053,add_to_cart,2024-12-04 01:10:24
U106,P080,share,2024-11-13 15:20:39
U364,P171,review,2024-03-02 15:56:54
U310,P148,wishlist,2024-08-16 03:49:18
U104,P129,review,2024-04-16 23:17:45
U104,P002,add_to_cart,2024-06-22 02:31:10
U033,P103,purchase,2024-07-23 05:20:16
U169,P146,review,2024-06-27 17:25:02
U237,P148,view,2024-10-13 08:02:51
U047,P074,review,2024-05-14 16:14:27
U359,P183,wishlist,2024-05-31 21:13:35
U314,P045,share,2024-04-06 18:06:17
U092,P159,share,2024-06-26 19:16:03
U197,P169,add_to_cart,2024-09-28 06:41:50
U292,P025,share,2024-09-28 07:50:27
U485,P012,purchase,2024-12-09 21:50:52
U446,P041,wishlist,2024-12-08 18:00:59
U322,P138,wishlist,2024-09-15 21:41:34
U470,P018,purchase,2024-12-18 22:02:16
U253,P106,click,2024-05-23 04:49:55
U040,P194,click,2024-07-14 21:18:02
U393,P200,remove_from_cart,2024-06-08 06:22:20
U231,P043,wishlist,2024-03-21 12:50:52
U260,P012,review,2024-01-11 09:01:43
U038,P164,review,2024-05-28 00:37:38
U176,P191,share,2024-11-28 08:23:01
U100,P102,view,2024-01-05 04:04:46
U129,P030,add_to_cart,2024-05-07 00:53:22
U344,P192,review,2024-07-07 06:17:00
U237,P018,click,2024-07-31 23:43:28
U337,P063,review,2024-02-24 11:16:42
U242,P072,add_to_cart,2024-03-07 06:00:20
U430,P005,click,2024-03-09 19:57:53
U151,P032,share,2024-03-06 10:05:57
U040,P172,view,2024-09-20 01:40:06
U140,P040,review,2024-05-19 01:36:45
U092,P056,view,2024-12-12 16:27:08
U346,P137,purchase,2024-06-20 16:16:49
U357,P013,click,2024-05-31 16:49:38
U354,P079,review,2024-01-21 08:32:44
U307,P002,view,2024-10-26 23:22:48
U194,P197,purchase,2024-12-26 17:14:06
U128,P096,purchase,2024-03-18 16:00:06
U047,P005,share,2024-01-11 20:27:30
U008,P087,purchase,2024-09-21 01:40:55
U343,P017,purchase,2024-12-08 15:30:07
U050,P171,add_to_cart,2024-10-08 04:16:34
U086,P012,share,2024-07-18 00:50:49
U056,P084,remove_from_cart,2024-08-06 06:43:26
U321,P049,purchase,2024-12-28 20:33:44
U278,P102,share,2024-02-16 21:58:28
U119,P055,click,2024-05-18 11:31:56
U166,P045,view,2024-06-05 04:12:42
U335,P081,view,2024-05-31 03:28:57
U109,P118,purchase,2024-01-26 15:18:58
U337,P072,remove_from_cart,2024-01-18 01:32:26
U035,P056,share,2024-04-27 02:30:10
U393,P154,review,2024-02-09 12:58:17
U365,P138,add_to_cart,2024-04-07 20:15:08
U492,P025,remove_from_cart,2024-09-02 00:10:16
U357,P100,add_to_cart,2024-05-08 22:53:53
U090,P163,remove_from_cart,2024-11-26 17:03:37
U342,P124,click,2024-05-10 03:24:25
U010,P156,review,2024-05-28 11:57:35
U262,P164,purchase,2024-07-14 12:12:53
U301,P181,view,2024-03-31 08:02:39
U011,P158,click,2024-04-29 22:40:40
U122,P189,share,2024-10-21 02:02:30
U125,P159,click,2024-01-24 06:31:22
U071,P096,review,2024-04-25 04:38:58
U104,P039,share,2024-03-20 09:00:33
U329,P010,purchase,2024-12-24 14:47:49
U372,P154,review,2024-10-14 02:21:42
U450,P085,add_to_cart,2024-04-18 00:19:34
U163,P165,view,2024-07-21 06:53:12
U406,P107,wishlist,2024-10-18 11:38:29
U013,P059,remove_from_cart,2024-05-13 02:27:37
U125,P053,view,2024-12-18 02:25:23
U470,P171,purchase,2024-11-07 06:04:20
U352,P179,purchase,2024-08-24 03:33:35
U447,P098,remove_from_cart,2024-03-12 06:46:04
U227,P162,view,2024-01-26 02:16:22
U446,P126,click,2024-03-15 17:54:28
U027,P163,add_to_cart,2024-12-30 09:21:08
U105,P033,click,2024-03-08 10:46:33
U304,P141,purchase,2024-04-01 18:34:12
U260,P021,share,2024-10-08 13:23:17
U240,P080,add_to_cart,2024-10-07 06:29:13
U102,P063,share,2024-03-09 12:29:53
U311,P064,wishlist,2024-04-20 19:40:54
U296,P115,purchase,2024-04-15 13:55:34
U442,P124,click,2024-05-19 15:32:47
U204,P097,add_to_cart,2024-07-01 19:22:03
U226,P109,share,2024-10-22 06:44:15
U080,P124,view,2024-10-22 21:41:44
U196,P110,click,2024-10-21 17:04:19
U465,P077,add_to_cart,2024-08-02 16:57:19
U373,P045,wishlist,2024-05-27 18:03:11
U238,P079,review,2024-04-19 23:51:19
U193,P144,review,2024-01-28 22:31:34
U171,P035,review,2024-03-17 00:12:10
U080,P049,view,2024-01-05 23:37:26
U442,P129,remove_from_cart,2024-07-09 20:40:50
U208,P107,share,2024-10-15 05:44:57
U192,P099,review,2024-04-29 13:00:17
U329,P151,click,2024-06-07 18:10:35
U454,P010,click,2024-05-29 10:50:18
U478,P145,add_to_cart,2024-03-16 10:20:16
U391,P112,wishlist,2024-10-26 12:45:39
U468,P193,remove_from_cart,2024-07-16 21:53:39
U364,P126,remove_from_cart,2024-09-27 11:26:05
U030,P167,share,2024-12-25 19:46:50
U218,P189,purchase,2024-04-04 02:53:32
U245,P009,remove_from_cart,2024-09-02 00:54:19
U362,P174,view,2024-09-27 20:54:17
U341,P166,add_to_cart,2024-04-11 11:46:43
U310,P117,add_to_cart,2024-04-08 18:08:10
U127,P155,add_to_cart,2024-01-05 18:59:34
U060,P198,click,2024-09-07 06:13:08
U365,P099,share,2024-10-01 05:02:50
U301,P021,purchase,2024-12-06 04:58:09
U217,P043,share,2024-04-08 04:55:50
U355,P078,share,2024-08-15 14:39:33
U158,P188,share,2024-10-19 05:27:23
U449,P187,click,2024-02-12 10:30:29
U326,P147,remove_from_cart,2024-11-12 05:09:18
U074,P069,purchase,2024-12-27 04:23:07
U384,P102,wishlist,2024-01-03 11:50:29
U087,P126,view,2024-02-07 14:54:00
U036,P199,share,2024-07-22 21:00:01
U214,P168,wishlist,2024-10-11 16:26:55
U221,P044,add_to_cart,2024-05-25 12:00:14
U096,P181,add_to_cart,2024-03-17 21:41:06
U250,P047,click,2024-06-24 00:27:46
U291,P055,add_to_cart,2024-03-19 00:54:16
U031,P192,add_to_cart,2024-11-10 06:05:29
U389,P050,wishlist,2024-12-16 09:47:47
U447,P105,review,2024-08-31 10:32:52
U468,P160,click,2024-12-03 05:43:13
U326,P043,click,2024-04-23 20:07:42
U044,P097,click,2024-04-17 11:36:38
U033,P088,view,2024-08-15 10:37:12
U121,P123,review,2024-09-18 06:59:35
U390,P026,view,2024-01-24 17:05:15
U137,P193,view,2024-09-15 09:15:11
U299,P011,click,2024-03-22 23:17:58
U268,P002,share,2024-08-22 04:13:34
U267,P195,wishlist,2024-12-28 00:03:58
U249,P122,remove_from_cart,2024-08-22 17:09:04
U220,P087,remove_from_cart,2024-09-21 19:23:44
U456,P088,remove_from_cart,2024-11-13 05:34:03
U123,P093,share,2024-05-26 23:16:34
U313,P015,remove_from_cart,2024-12-05 01:40:17
U170,P026,view,2024-06-26 10:47:46
U446,P179,share,2024-10-08 15:32:31
U428,P036,view,2024-08-21 18:12:00
U063,P136,wishlist,2024-09-28 13:37:07
U385,P064,remove_from_cart,2024-06-24 12:10:54
U317,P176,review,2024-07-18 23:20:46
U212,P170,purchase,2024-01-02 05:09:55
U327,P083,view,2024-09-03 03:13:57
U185,P012,remove_from_cart,2024-09-20 06:45:36
U228,P060,review,2024-06-04 09:48:35
U379,P157,click,2024-05-15 06:42:28
U220,P122,click,2024-10-12 03:57:52
U198,P076,purchase,2024-10-03 11:46:48
U074,P134,view,2024-02-19 15:45:15
U255,P023,wishlist,2024-11-19 06:06:09
U345,P141,review,2024-03-06 06:21:57
U459,P115,click,2024-07-06 06:08:11
U340,P139,purchase,2024-04-04 12:14:32
U109,P044,click,2024-02-10 23:02:55
U223,P184,view,2024-03-03 05:30:03
U476,P084,share,2024-10-24 14:30:57
U144,P057,wishlist,2024-09-15 14:56:32
U244,P172,click,2024-09-15 10:41:21
U070,P137,review,2024-02-05 02:58:41
U408,P178,remove_from_cart,2024-12-04 15:04:31
U115,P148,click,2024-09-07 02:23:22
U176,P097,share,2024-09-10 22:58:22
U329,P144,share,2024-11-09 23:16:36
U120,P058,wishlist,2024-02-14 22:18:31
U149,P023,click,2024-02-04 14:50:22
U175,P190,purchase,2024-10-16 04:20:25
U483,P030,remove_from_cart,2024-02-19 11:37:00
U437,P081,share,2024-08-12 01:15:16
U378,P001,wishlist,2024-01-25 00:48:33
U303,P138,purchase,2024-11-24 23:43:03
U199,P109,remove_from_cart,2024-10-26 12:51:32
U187,P174,add_to_cart,2024-07-20 20:26:02
U340,P155,purchase,2024-02-11 09:27:10
U203,P003,review,2024-05-02 16:38:45
U075,P076,purchase,2024-07-13 02:46:41
U349,P117,add_to_cart,2024-08-21 14:03:50
U146,P038,view,2024-08-20 13:58:08
U164,P080,click,2024-04-16 04:45:44
U435,P181,review,2024-09-02 02:03:52
U425,P056,review,2024-04-23 04:55:52
U361,P097,view,2024-11-10 15:42:22
U171,P040,purchase,2024-11-25 08:35:05
U376,P058,view,2024-12-24 12:27:17
U444,P199,add_to_cart,2024-11-28 17:45:25
U250,P187,share,2024-04-26 03:49:50
U418,P169,add_to_cart,2024-01-09 09:00:28
U281,P101,remove_from_cart,2024-06-13 01:24:09
U348,P122,remove_from_cart,2024-10-21 06:24:29
U201,P101,click,2024-07-23 23:52:00
U373,P073,wishlist,2024-09-27 10:41:51
U473,P050,share,2024-02-07 19:05:02
U068,P083,view,2024-11-26 00:48:02
U479,P182,wishlist,2024-06-26 16:30:43
U336,P042,add_to_cart,2024-06-20 14:39:17
U357,P124,wishlist,2024-12-14 10:40:43
U075,P054,purchase,2024-11-08 09:09:50
U384,P051,view,2024-05-20 16:11:20
U372,P148,click,2024-09-20 10:22:48
U403,P038,share,2024-06-14 20:57:49
U348,P044,view,2024-02-07 07:13:47
U183,P122,add_to_cart,2024-01-21 09:04:32
U061,P132,remove_from_cart,2024-08-18 10:49:04
U223,P039,share,2024-04-05 03:34:29
U018,P031,purchase,2024-06-03 00:59:50
U251,P078,add_to_cart,2024-09-10 12:30:31
U382,P097,click,2024-10-29 00:58:35
U238,P167,share,2024-04-16 21:11:57
U324,P168,review,2024-05-22 15:41:56
U006,P031,click,2024-02-02 02:13:57
U063,P126,purchase,2024-01-09 22:37:29
U301,P147,review,2024-04-16 07:18:00
U356,P191,click,2024-11-04 11:49:12
U304,P047,share,2024-07-07 00:59:29
U331,P180,share,2024-04-25 20:56:52
U293,P033,click,2024-05-06 07:21:13
U033,P183,add_to_cart,2024-06-06 09:57:15
U417,P180,view,2024-06-01 22:26:59
U285,P138,review,2024-01-25 19:53:10
U266,P150,click,2024-10-19 15:12:20
U386,P054,click,2024-03-11 03:54:43
U442,P154,add_to_cart,2024-01-03 01:37:23
U285,P115,remove_from_cart,2024-02-17 18:51:55
U021,P033,purchase,2024-09-10 11:03:01
U083,P023,wishlist,2024-11-26 16:05:24
U386,P009,click,2024-02-18 10:26:52
U260,P077,remove_from_cart,2024-07-30 10:25:43
U088,P109,view,2024-04-06 10:40:09
U154,P012,wishlist,2024-09-12 23:47:38
U274,P114,add_to_cart,2024-08-12 02:41:45
U252,P178,remove_from_cart,2024-07-21 23:36:09
U467,P091,purchase,2024-09-24 03:58:30
U051,P170,view,2024-04-02 01:56:07
U019,P049,add_to_cart,2024-04-26 09:29:32
U439,P056,add_to_cart,2024-08-21 20:23:32
U283,P056,remove_from_cart,2024-04-17 17:30:55
U066,P187,share,2024-01-29 21:04:56
U282,P066,wishlist,2024-05-28 06:28:08
U333,P042,share,2024-06-26 02:51:34
U043,P066,share,2024-09-26 17:21:08
U074,P138,purchase,2024-01-28 09:38:55
U323,P188,wishlist,2024-09-02 21:06:16
U357,P166,purchase,2024-10-04 11:06:35
U191,P145,add_to_cart,2024-06-11 23:45:41
U421,P040,remove_from_cart,2024-11-01 22:40:46
U223,P098,view,2024-08-22 10:01:38
U127,P020,wishlist,2024-02-18 09:33:14
U273,P029,share,2024-01-26 14:47:08
U169,P164,click,2024-05-20 21:43:21
U466,P086,wishlist,2024-02-26 19:53:27
U445,P058,wishlist,2024-01-04 19:55:58
U051,P097,purchase,2024-05-27 01:06:33
U488,P027,click,2024-03-09 05:56:06
U270,P187,wishlist,2024-08-16 16:15:57
U421,P126,click,2024-07-24 10:15:56
U179,P180,wishlist,2024-08-02 04:44:46
U139,P156,click,2024-12-14 04:38:25
U025,P044,remove_from_cart,2024-10-18 23:57:48
U200,P047,remove_from_cart,2024-11-09 01:15:24
U380,P174,share,2024-07-04 04:40:29
U304,P033,wishlist,2024-01-04 16:31:22
U352,P132,add_to_cart,2024-09-12 08:55:50
U065,P037,share,2024-08-08 10:02:59
U377,P069,view,2024-12-22 16:29:47
U372,P164,remove_from_cart,2024-10-01 18:24:01
U399,P064,share,2024-10-01 11:43:48
U235,P047,review,2024-05-17 11:31:56
U409,P120,wishlist,2024-04-17 02:51:23
U488,P110,purchase,2024-04-28 12:33:10
U326,P023,wishlist,2024-06-06 20:59:32
U395,P081,click,2024-09-03 11:36:55
U041,P020,purchase,2024-02-06 08:43:42
U085,P148,view,2024-02-02 20:23:25
U381,P074,review,2024-11-09 22:20:21
U448,P003,share,2024-09-19 22:24:19
U261,P188,add_to_cart,2024-07-05 06:43:02
U255,P132,click,2024-06-06 11:16:04
U008,P158,purchase,2024-12-19 18:04:35
U426,P191,view,2024-10-04 08:27:15
U218,P180,remove_from_cart,2024-04-04 20:21:12
U379,P170,view,2024-08-23 21:07:54
U230,P044,purchase,2024-03-08 21:23:11
U039,P094,add_to_cart,2024-07-18 11:53:11
U181,P014,share,2024-07-11 10:28:04
U195,P044,remove_from_cart,2024-02-13 23:24:46
U174,P174,purchase,2024-11-19 00:15:07
U277,P197,click,2024-04-22 15:35:57
U154,P124,wishlist,2024-04-12 19:39:22
U110,P001,share,2024-03-25 10:54:13
U473,P079,view,2024-12-29 06:41:38
U238,P159,review,2024-01-23 07:54:30
U183,P002,review,2024-05-07 14:19:29
U153,P091,click,2024-01-03 00:02:33
U180,P185,add_to_cart,2024-06-05 03:32:46
U182,P003,click,2024-06-16 07:22:57
U252,P051,click,2024-07-24 11:32:14
U264,P040,share,2024-02-18 02:17:49
U468,P125,view,2024-03-01 10:34:49
U394,P169,wishlist,2024-03-28 19:21:37
U241,P102,remove_from_cart,2024-04-26 05:32:16
U187,P110,add_to_cart,2024-07-27 07:51:56
U416,P069,click,2024-06-19 07:47:16
U337,P113,add_to_cart,2024-02-24 07:43:26
U182,P192,share,2024-01-03 06:09:18
U184,P182,purchase,2024-02-12 23:28:42
U098,P073,view,2024-02-21 21:59:27
U203,P108,remove_from_cart,2024-12-15 21:54:29
U017,P042,purchase,2024-07-05 03:21:10
U492,P171,wishlist,2024-02-16 03:13:28
U216,P126,review,2024-11-06 14:51:48
U350,P183,add_to_cart,2024-05-06 04:10:22
U385,P196,share,2024-07-13 21:39:39
U372,P190,share,2024-02-21 00:54:05
U057,P028,view,2024-02-18 23:33:25
U080,P089,view,2024-10-25 00:32:46
U351,P061,view,2024-09-20 10:18:37
U425,P088,share,2024-08-19 21:15:09
U378,P003,share,2024-07-05 11:43:23
U149,P073,review,2024-02-02 02:01:35
U390,P110,purchase,2024-08-27 20:34:18
U079,P187,add_to_cart,2024-04-06 21:11:56
U144,P197,click,2024-12-01 14:37:06
U135,P180,purchase,2024-09-15 18:38:59
U421,P110,purchase,2024-07-03 01:00:04
U362,P027,add_to_cart,2024-03-14 06:31:20
U438,P152,add_to_cart,2024-03-30 02:00:56
U062,P034,share,2024-01-15 21:36:03
U141,P050,add_to_cart,2024-06-14 13:25:54
U010,P158,purchase,2024-02-05 07:34:46
U443,P014,share,2024-06-07 04:17:05
U269,P079,purchase,2024-03-27 03:05:42
U173,P110,review,2024-01-24 19:49:15
U262,P110,view,2024-04-28 04:11:17
U057,P069,remove_from_cart,2024-04-18 22:58:15
U483,P090,share,2024-04-05 21:54:52
U164,P013,add_to_cart,2024-01-16 21:06:51
U001,P014,remove_from_cart,2024-03-23 07:46:26
U147,P121,wishlist,2024-12-18 19:39:56
U311,P026,share,2024-03-12 18:50:01
U130,P126,remove_from_cart,2024-05-09 19:44:07
U156,P029,click,2024-09-16 19:02:34
U007,P175,add_to_cart,2024-05-08 15:07:01
U185,P190,remove_from_cart,2024-10-15 12:37:41
U399,P151,remove_from_cart,2024-04-02 12:40:17
U333,P071,purchase,2024-08-14 22:19:27
U197,P023,click,2024-02-20 16:12:43
U323,P191,click,2024-01-16 22:30:38
U301,P168,purchase,2024-03-15 22:12:52
U361,P115,click,2024-01-30 01:55:42
U483,P140,remove_from_cart,2024-04-27 01:57:49
U372,P122,purchase,2024-07-26 05:07:00
U370,P040,view,2024-02-19 15:28:48
U099,P108,wishlist,2024-12-12 06:11:23
U450,P195,remove_from_cart,2024-12-13 13:11:38
U188,P115,click,2024-12-19 17:43:46
U224,P018,review,2024-06-11 17:24:06
U269,P129,view,2024-03-05 19:56:53
U307,P071,add_to_cart,2024-04-22 11:47:34
U024,P145,view,2024-11-04 12:15:17
U498,P178,purchase,2024-10-14 15:57:57
U418,P102,review,2024-09-22 21:48:47
U273,P132,click,2024-03-05 06:44:29
U225,P193,share,2024-08-06 10:52:00
U400,P100,share,2024-08-23 19:41:07
U140,P053,add_to_cart,2024-01-02 09:33:34
U082,P147,purchase,2024-08-17 22:53:27
U357,P003,review,2024-07-14 15:55:18
U363,P185,wishlist,2024-04-27 19:59:15
U437,P057,wishlist,2024-10-02 01:24:44
U138,P142,click,2024-03-07 10:51:08
U115,P012,purchase,2024-04-23 08:10:36
U021,P164,add_to_cart,2024-12-09 03:46:19
U143,P035,wishlist,2024-12-05 04:31:05
U405,P014,purchase,2024-11-15 18:44:23
U108,P137,click,2024-01-01 13:02:54
U333,P089,remove_from_cart,2024-05-06 01:08:09
U043,P181,wishlist,2024-10-07 10:16:10
U069,P105,wishlist,2024-05-06 01:49:07
U030,P161,view,2024-11-15 23:36:03
U183,P057,wishlist,2024-03-09 15:17:30
U132,P005,click,2024-10-07 15:08:26
U382,P177,share,2024-09-10 22:05:17
U132,P161,purchase,2024-11-13 05:33:58
U227,P057,remove_from_cart,2024-04-14 09:20:13
U105,P149,share,2024-03-01 10:41:01
U229,P060,share,2024-05-23 03:58:26
U076,P123,click,2024-07-11 14:41:35
U093,P118,add_to_cart,2024-11-12 17:55:27
U442,P046,purchase,2024-08-09 05:35:50
U252,P187,add_to_cart,2024-09-08 11:44:11
U145,P006,wishlist,2024-03-04 06:30:42
U454,P046,share,2024-09-23 22:43:23
U312,P049,click,2024-02-25 17:43:31
U037,P110,purchase,2024-06-25 17:07:57
U466,P166,share,2024-02-08 22:14:48
U371,P135,add_to_cart,2024-10-09 05:56:14
U385,P004,click,2024-05-26 18:03:05
U197,P006,click,2024-11-17 00:07:06
U007,P196,view,2024-02-21 07:59:52
U128,P198,click,2024-04-13 22:44:21
U074,P161,view,2024-11-03 17:42:26
U495,P003,click,2024-07-29 15:15:22
U377,P087,click,2024-03-19 13:46:27
U072,P123,review,2024-11-12 16:41:02
U084,P079,remove_from_cart,2024-07-04 23:44:58
U080,P063,view,2024-07-30 02:02:00
U355,P069,click,2024-01-09 05:40:19
U423,P012,click,2024-07-30 12:25:56
U152,P027,share,2024-02-25 01:59:53
U001,P058,view,2024-03-29 00:45:55
U219,P099,add_to_cart,2024-05-17 05:05:13
U336,P074,purchase,2024-12-23 22:46:55
U451,P176,share,2024-09-23 17:07:32
U453,P184,click,2024-07-10 00:06:00
U087,P029,purchase,2024-02-09 12:15:02
U490,P073,remove_from_cart,2024-01-30 15:04:25
U316,P086,click,2024-05-20 00:02:34
U473,P022,view,2024-08-22 18:24:28
U078,P046,share,2024-07-25 00:26:16
U172,P154,add_to_cart,2024-09-20 20:46:38
U218,P039,wishlist,2024-08-30 15:10:08
U419,P074,remove_from_cart,2024-12-05 23:20:22
U054,P070,review,2024-09-13 23:47:11
U189,P068,click,2024-11-02 08:40:19
U002,P039,add_to_cart,2024-05-04 09:00:08
U076,P100,review,2024-10-07 03:24:30
U408,P123,click,2024-02-13 22:45:54
U296,P110,wishlist,2024-02-26 04:24:06
U047,P083,add_to_cart,2024-03-11 15:10:22
U393,P099,remove_from_cart,2024-05-04 00:14:19
U254,P109,review,2024-09-26 07:09:02
U499,P106,remove_from_cart,2024-02-23 16:18:56
U411,P168,purchase,2024-05-28 19:32:42
U215,P141,review,2024-07-28 05:29:17
U274,P127,purchase,2024-05-29 08:59:09
U043,P149,share,2024-07-23 15:29:31
U296,P199,purchase,2024-09-30 01:18:16
U045,P061,remove_from_cart,2024-01-02 02:42:50
U105,P005,remove_from_cart,2024-08-04 20:25:38
U243,P035,click,2024-01-24 03:18:05
U467,P090,remove_from_cart,2024-11-25 14:56:14
U435,P200,add_to_cart,2024-04-24 10:46:40
U236,P037,share,2024-04-04 04:14:22
U108,P058,view,2024-10-17 02:30:05
U071,P031,add_to_cart,2024-05-26 14:11:22
U376,P007,share,2024-05-24 08:20:53
U028,P180,click,2024-09-14 09:15:09
U298,P019,review,2024-11-21 05:28:49
U305,P041,view,2024-02-27 01:04:58
U188,P037,click,2024-04-05 03:59:32
U040,P004,share,2024-02-28 03:27:56
U392,P047,review,2024-10-15 18:27:44
U072,P192,wishlist,2024-07-01 14:26:13
U211,P185,remove_from_cart,2024-06-21 10:08:03
U401,P166,view,2024-04-21 08:52:53
U057,P040,view,2024-12-08 04:58:47
U329,P009,add_to_cart,2024-07-14 11:03:12
U083,P003,share,2024-11-19 09:08:27
U217,P175,review,2024-08-03 05:06:27
U365,P067,wishlist,2024-10-02 11:38:50
U117,P109,add_to_cart,2024-04-15 13:37:00
U499,P024,share,2024-02-18 14:19:38
U381,P055,share,2024-08-28 09:54:21
U029,P057,share,2024-03-12 08:09:00
U422,P191,click,2024-11-13 02:52:47
U355,P120,review,2024-05-01 15:08:21
U335,P165,share,2024-11-17 06:33:47
U195,P043,view,2024-11-07 23:39:52
U191,P166,share,2024-03-16 15:01:14
U139,P028,click,2024-01-31 05:13:42
U186,P155,remove_from_cart,2024-01-11 21:26:03
U123,P073,add_to_cart,2024-07-29 07:46:43
U055,P017,purchase,2024-08-19 21:28:32
U006,P194,wishlist,2024-03-13 21:53:56
U283,P052,view,2024-04-03 08:05:09
U138,P022,view,2024-08-06 22:25:52
U405,P124,view,2024-01-19 15:50:53
U162,P024,wishlist,2024-01-04 07:01:38
U183,P193,wishlist,2024-06-03 14:54:00
U257,P050,remove_from_cart,2024-10-18 23:40:40
U201,P186,remove_from_cart,2024-02-20 07:11:05
U360,P173,click,2024-05-08 16:06:33
U209,P190,click,2024-07-14 00:37:47
U414,P199,add_to_cart,2024-01-10 04:45:47
U301,P098,review,2024-08-15 17:15:16
U445,P010,wishlist,2024-03-03 14:42:26
U078,P175,review,2024-01-31 14:01:47
U454,P161,click,2024-10-06 00:33:28
U119,P056,add_to_cart,2024-10-25 13:58:30
U368,P042,remove_from_cart,2024-06-22 18:49:04
U403,P034,remove_from_cart,2024-04-22 22:50:24
U185,P160,share,2024-01-16 12:56:50
U457,P183,share,2024-04-02 20:40:21
U107,P157,click,2024-02-29 04:29:02
U291,P161,review,2024-02-07 19:53:24
U413,P004,add_to_cart,2024-10-24 14:35:42
U446,P080,click,2024-07-12 18:11:57
U049,P117,remove_from_cart,2024-03-06 21:52:58
U479,P076,add_to_cart,2024-01-27 11:18:51
U144,P148,remove_from_cart,2024-05-17 05:37:58
U046,P019,add_to_cart,2024-10-02 23:47:05
U396,P118,wishlist,2024-07-02 19:06:42
U132,P196,review,2024-09-09 13:09:41
U474,P036,click,2024-08-08 20:58:47
U250,P011,remove_from_cart,2024-11-29 14:29:26
U147,P103,share,2024-11-28 19:49:40
U318,P175,add_to_cart,2024-06-20 04:48:42
U188,P132,remove_from_cart,2024-05-25 02:58:44
U043,P175,share,2024-07-15 11:43:30
U231,P068,view,2024-08-29 00:32:20
U330,P015,purchase,2024-09-28 18:05:55
U421,P144,view,2024-03-01 00:37:27
U437,P027,wishlist,2024-05-25 22:54:43
U082,P146,share,2024-11-27 14:15:53
U038,P058,share,2024-12-05 11:45:04
U237,P172,click,2024-05-15 12:20:15
U239,P120,review,2024-02-12 09:03:47
U044,P047,click,2024-12-22 07:21:00
U492,P102,share,2024-03-18 11:12:16
U206,P085,click,2024-05-03 05:18:33
U176,P155,review,2024-03-23 13:54:12
U360,P190,review,2024-02-14 09:35:58
U143,P117,view,2024-07-30 16:31:30
U080,P121,add_to_cart,2024-09-05 15:14:57
U110,P082,view,2024-08-21 10:26:51
U397,P098,view,2024-12-29 16:26:12
U414,P093,share,2024-07-02 20:29:51
U110,P014,purchase,2024-12-03 02:32:18
U012,P195,share,2024-04-14 19:10:00
U130,P163,add_to_cart,2024-02-02 11:07:38
U073,P018,wishlist,2024-06-06 07:30:42
U042,P077,review,2024-12-04 09:00:11
U215,P135,purchase,2024-09-17 01:32:17
U458,P067,add_to_cart,2024-11-18 13:16:43
U028,P024,share,2024-05-12 19:50:58
U494,P193,wishlist,2024-03-04 21:33:40
U102,P090,share,2024-07-06 01:04:21
U244,P138,add_to_cart,2024-09-27 13:37:20
U224,P091,share,2024-11-15 15:03:44
U006,P144,purchase,2024-01-31 05:13:47
U371,P171,add_to_cart,2024-05-05 17:24:22
U341,P188,remove_from_cart,2024-01-06 12:13:49
U078,P118,add_to_cart,2024-07-12 23:10:15
U443,P082,click,2024-11-03 14:07:54
U497,P173,share,2024-04-12 01:29:55
U267,P185,view,2024-06-23 23:30:50
U483,P033,review,2024-09-05 03:07:56
U497,P149,click,2024-01-15 04:04:26
U112,P191,purchase,2024-06-12 04:19:30
U357,P140,add_to_cart,2024-08-21 09:11:53
U194,P056,remove_from_cart,2024-03-22 11:08:00
U488,P049,view,2024-05-23 19:02:23
U417,P094,view,2024-04-27 06:19:35
U460,P079,click,2024-09-28 14:06:29
U256,P167,review,2024-06-09 19:15:37
U211,P091,remove_from_cart,2024-11-17 15:15:06
U278,P110,remove_from_cart,2024-02-14 00:46:41
U475,P046,review,2024-06-15 08:49:28
U192,P046,add_to_cart,2024-07-29 18:55:00
U224,P098,wishlist,2024-11-24 04:49:28
U338,P177,share,2024-09-03 06:18:28
U146,P180,click,2024-02-04 00:40:45
U413,P027,click,2024-09-09 06:56:24
U009,P158,share,2024-02-10 06:19:25
U255,P192,click,2024-09-03 00:52:56
U228,P129,view,2024-09-16 07:30:34
U149,P108,purchase,2024-03-27 13:23:10
U398,P117,share,2024-02-14 11:13:39
U101,P121,click,2024-05-16 03:57:22
U496,P119,share,2024-12-18 15:06:48
U421,P166,share,2024-01-03 22:53:05
U482,P096,purchase,2024-07-16 02:48:34
U146,P069,wishlist,2024-04-29 09:08:41
U430,P107,purchase,2024-01-02 14:45:04
U461,P107,view,2024-01-07 00:45:02
U014,P040,remove_from_cart,2024-11-22 12:32:27
U419,P133,remove_from_cart,2024-05-10 03:15:52
U088,P147,share,2024-04-03 22:01:45
U285,P101,purchase,2024-08-27 08:01:59
U330,P101,view,2024-11-07 04:57:08
U478,P148,share,2024-02-20 01:09:35
U481,P163,share,2024-10-09 18:30:08
U089,P104,remove_from_cart,2024-07-19 21:22:18
U082,P112,purchase,2024-02-08 16:08:00
U364,P033,click,2024-09-02 05:27:26
U296,P101,wishlist,2024-11-21 04:33:16
U284,P041,remove_from_cart,2024-03-20 03:12:17
U048,P024,view,2024-06-18 21:03:34
U006,P161,add_to_cart,2024-01-11 19:17:08
U317,P182,click,2024-08-10 01:30:17
U196,P007,add_to_cart,2024-06-25 04:50:55
U325,P162,remove_from_cart,2024-03-13 10:49:12
U123,P168,purchase,2024-04-25 07:31:06
U100,P138,purchase,2024-10-09 01:43:27
U400,P097,wishlist,2024-09-13 00:43:37
U027,P071,click,2024-12-29 02:36:25
U074,P161,view,2024-09-04 22:11:38
U297,P027,click,2024-06-27 07:22:49
U475,P153,click,2024-02-11 14:01:36
U073,P073,wishlist,2024-12-13 10:19:15
U093,P024,click,2024-07-10 22:41:51
U433,P093,purchase,2024-05-31 18:31:19
U052,P126,view,2024-06-09 16:23:02
U038,P125,click,2024-03-22 16:06:01
U352,P108,share,2024-12-11 12:43:51
U161,P163,review,2024-11-10 00:13:24
U083,P047,wishlist,2024-01-04 22:30:51
U463,P046,view,2024-02-15 12:26:58
U500,P088,remove_from_cart,2024-07-06 22:22:38
U315,P154,view,2024-03-02 12:17:08
U268,P190,wishlist,2024-12-25 20:22:52
U063,P050,view,2024-07-27 03:27:18
U012,P133,add_to_cart,2024-03-25 00:07:22
U444,P094,click,2024-12-14 23:18:05
U112,P008,remove_from_cart,2024-02-23 19:31:10
U113,P022,add_to_cart,2024-04-13 22:07:28
U141,P124,purchase,2024-02-05 17:13:15
U179,P182,wishlist,2024-06-30 09:09:47
U382,P127,share,2024-07-18 02:18:19
U485,P103,purchase,2024-04-07 03:02:13
U089,P051,wishlist,2024-06-01 13:24:10
U053,P150,wishlist,2024-03-05 07:59:56
U407,P053,review,2024-06-17 08:14:55
U453,P115,share,2024-08-19 14:11:47
U383,P070,remove_from_cart,2024-08-29 21:57:03
U056,P156,share,2024-06-15 17:29:13
U103,P146,remove_from_cart,2024-05-25 05:33:51
U460,P162,click,2024-06-23 12:44:35
U086,P009,wishlist,2024-08-15 22:01:04
U210,P076,remove_from_cart,2024-06-03 16:29:14
U016,P030,add_to_cart,2024-11-10 04:48:13
U166,P110,add_to_cart,2024-05-18 22:25:14
U126,P019,purchase,2024-09-12 03:15:38
U191,P096,add_to_cart,2024-10-29 17:36:08
U161,P032,view,2024-05-03 17:27:57
U353,P003,remove_from_cart,2024-03-24 00:30:12
U239,P146,remove_from_cart,2024-12-15 00:54:03
U120,P144,click,2024-05-29 17:58:03
U146,P155,purchase,2024-07-23 18:26:29
U112,P027,wishlist,2024-10-05 04:04:46
U312,P172,click,2024-08-10 21:35:12
U458,P166,share,2024-09-21 21:55:49
U388,P112,remove_from_cart,2024-11-11 21:23:09
U164,P051,purchase,2024-01-20 06:51:44
U411,P127,review,2024-01-19 04:07:53
U141,P108,click,2024-02-18 04:37:39
U232,P044,remove_from_cart,2024-08-17 14:06:50
U197,P061,view,2024-04-20 16:44:11
U010,P165,view,2024-12-20 01:07:47
U237,P073,add_to_cart,2024-11-22 20:40:48
U496,P104,view,2024-12-13 21:44:10
U274,P136,view,2024-05-11 00:42:05
U331,P005,click,2024-07-01 11:43:24
U049,P107,wishlist,2024-04-16 16:08:34
U163,P193,remove_from_cart,2024-06-04 11:28:47
U041,P143,remove_from_cart,2024-07-10 18:43:22
U314,P013,share,2024-04-25 21:41:52
U357,P117,review,2024-11-25 14:11:57
U329,P032,remove_from_cart,2024-12-30 04:01:56
U317,P027,view,2024-03-27 23:57:54
U025,P003,add_to_cart,2024-02-10 19:56:08
U166,P177,share,2024-03-28 21:39:12
U088,P023,purchase,2024-10-08 05:10:29
U462,P095,view,2024-12-28 18:32:22
U353,P014,wishlist,2024-12-09 01:07:58
U402,P012,click,2024-01-19 15:25:26
U485,P078,click,2024-04-12 10:06:54
U169,P177,share,2024-04-14 19:45:45
U358,P044,add_to_cart,2024-08-14 14:10:40
U236,P031,add_to_cart,2024-05-04 00:23:46
U442,P038,share,2024-09-04 08:22:20
U229,P172,click,2024-07-21 15:11:24
U271,P062,review,2024-09-13 19:28:24
U251,P072,remove_from_cart,2024-10-27 01:33:49
U375,P124,purchase,2024-02-05 15:37:55
U136,P197,wishlist,2024-10-03 06:33:18
U043,P091,purchase,2024-09-13 02:48:22
U332,P189,purchase,2024-09-26 21:32:38
U040,P020,review,2024-01-24 09:43:42
U109,P004,purchase,2024-06-30 19:28:40
U420,P099,purchase,2024-07-08 09:11:10
U054,P088,purchase,2024-11-12 02:59:13
U303,P195,remove_from_cart,2024-10-22 08:15:41
U484,P080,review,2024-09-11 11:44:21
U079,P130,click,2024-12-21 00:15:54
U067,P057,remove_from_cart,2024-05-29 17:49:35
U500,P116,purchase,2024-10-29 22:19:23
U205,P049,click,2024-04-17 21:38:30
U217,P043,wishlist,2024-12-03 19:24:57
U296,P166,click,2024-02-27 04:50:23
U237,P028,click,2024-04-03 10:12:16
U009,P118,add_to_cart,2024-04-13 14:21:08
U015,P122,review,2024-05-16 16:28:31
U136,P031,click,2024-05-17 15:29:51
U221,P055,add_to_cart,2024-06-03 03:38:13
U258,P111,remove_from_cart,2024-01-21 15:27:35
U226,P070,remove_from_cart,2024-02-07 23:40:49
U026,P167,share,2024-10-11 06:44:58
U476,P109,purchase,2024-04-24 04:20:00
U097,P104,add_to_cart,2024-08-18 16:56:22
U142,P136,review,2024-07-20 09:52:27
U222,P028,view,2024-09-08 00:22:14
U128,P029,purchase,2024-02-14 17:37:44
U028,P010,wishlist,2024-04-02 17:28:15
U034,P137,click,2024-04-16 23:28:06
U116,P159,share,2024-06-01 04:50:53
U202,P026,purchase,2024-10-12 00:40:15
U422,P178,wishlist,2024-07-11 07:20:03
U106,P044,purchase,2024-05-15 00:10:31
U327,P074,wishlist,2024-10-12 00:16:42
U002,P025,add_to_cart,2024-07-14 10:32:17
U465,P180,review,2024-10-14 00:49:30
U157,P177,purchase,2024-03-07 02:40:57
U162,P175,click,2024-03-05 17:14:53
U096,P086,review,2024-02-25 01:59:07
U493,P004,review,2024-06-15 04:31:38
U172,P006,add_to_cart,2024-04-12 11:05:39
U452,P020,add_to_cart,2024-09-20 18:37:48
U390,P003,remove_from_cart,2024-07-03 00:25:01
U299,P001,review,2024-12-05 02:59:12
U127,P121,click,2024-01-18 13:04:32
U420,P005,wishlist,2024-11-20 10:06:37
U117,P135,add_to_cart,2024-10-20 05:02:23
U076,P199,click,2024-02-08 19:59:50
U156,P189,remove_from_cart,2024-06-24 18:41:24
U252,P189,remove_from_cart,2024-07-30 22:25:59
U132,P170,review,2024-04-08 11:08:04
U187,P118,view,2024-11-17 11:11:03
U181,P078,remove_from_cart,2024-12-12 04:11:35
U266,P199,review,2024-02-13 19:00:33
U139,P176,view,2024-02-27 10:31:53
U211,P057,add_to_cart,2024-05-18 17:17:35
U255,P008,purchase,2024-08-12 07:28:29
U380,P179,share,2024-05-19 14:02:11
U106,P191,click,2024-03-16 06:44:21
U472,P097,click,2024-04-16 09:09:20
U450,P161,review,2024-12-06 05:46:37
U270,P045,wishlist,2024-12-19 12:51:56
U348,P090,remove_from_cart,2024-05-31 20:37:42
U302,P107,wishlist,2024-04-30 03:06:07
U098,P011,remove_from_cart,2024-11-19 23:02:33
U314,P032,share,2024-11-04 21:02:23
U233,P146,remove_from_cart,2024-04-22 00:09:44
U057,P003,review,2024-12-26 02:26:17
U351,P038,review,2024-09-21 10:39:46
U077,P134,wishlist,2024-08-30 06:11:31
U286,P171,add_to_cart,2024-04-27 22:10:55
U250,P074,click,2024-11-06 14:32:13
U151,P004,review,2024-01-16 21:42:37
U112,P073,click,2024-01-21 15:47:50
U251,P079,view,2024-06-16 02:53:58
U181,P170,view,2024-01-20 09:07:14
U129,P036,remove_from_cart,2024-12-07 06:17:00
U146,P129,add_to_cart,2024-02-03 09:36:37
U366,P070,add_to_cart,2024-10-11 16:33:01
U101,P111,click,2024-04-22 22:28:16
U113,P009,review,2024-12-28 07:34:56
U182,P064,share,2024-06-13 02:34:31
U205,P026,wishlist,2024-12-23 08:49:51
U155,P153,wishlist,2024-03-08 07:17:29
U289,P112,remove_from_cart,2024-11-08 09:22:02
U297,P036,purchase,2024-04-07 02:21:34
U070,P107,purchase,2024-04-26 22:06:13
U157,P022,wishlist,2024-08-08 01:42:05
U475,P161,review,2024-07-30 23:30:38
U094,P097,share,2024-02-07 07:10:44
U071,P135,review,2024-09-26 13:47:31
U161,P129,remove_from_cart,2024-06-30 21:36:27
U182,P110,review,2024-06-12 07:23:48
U493,P106,review,2024-01-11 17:55:49
U468,P144,view,2024-10-24 18:48:41
U216,P023,add_to_cart,2024-08-26 22:09:33
U465,P078,purchase,2024-08-13 08:59:49
U263,P096,add_to_cart,2024-08-29 03:06:42
U279,P145,wishlist,2024-01-21 18:59:30
U387,P101,add_to_cart,2024-06-05 11:41:34
U344,P002,review,2024-11-09 14:16:07
U391,P133,review,2024-11-21 21:53:33
U028,P022,view,2024-04-14 22:12:43
U425,P167,click,2024-05-09 12:17:27
U305,P025,wishlist,2024-08-07 14:18:52
U247,P177,remove_from_cart,2024-12-01 15:59:29
U032,P032,view,2024-09-29 11:07:52
U105,P133,add_to_cart,2024-08-06 06:40:43
U380,P127,add_to_cart,2024-03-27 19:34:37
U459,P173,add_to_cart,2024-04-26 20:31:07
U322,P080,view,2024-11-08 20:53:35
U249,P160,purchase,2024-02-14 13:09:50
U035,P001,add_to_cart,2024-08-22 11:44:12
U451,P031,click,2024-04-06 00:07:39
U105,P027,review,2024-01-10 13:48:50
U427,P130,review,2024-05-31 17:43:02
U029,P032,wishlist,2024-06-06 02:44:51
U248,P048,purchase,2024-11-22 21:24:23
U435,P140,wishlist,2024-11-15 02:40:22
U314,P175,review,2024-11-29 17:23:09
U337,P158,click,2024-06-16 21:49:42
U075,P163,view,2024-03-12 18:32:02
U073,P191,purchase,2024-03-07 07:44:34
U262,P190,purchase,2024-07-03 22:07:04
U246,P075,wishlist,2024-09-16 05:52:55
U052,P151,review,2024-05-22 15:51:05
U342,P071,share,2024-05-29 20:06:37
U358,P028,review,2024-06-10 21:45:24
U417,P109,add_to_cart,2024-01-11 20:42:19
U146,P118,click,2024-08-07 02:48:35
U200,P003,wishlist,2024-01-14 05:40:53
U331,P167,review,2024-01-17 13:21:25
U465,P091,add_to_cart,2024-06-30 17:12:37
U452,P186,review,2024-04-17 12:55:57
U005,P041,remove_from_cart,2024-07-13 10:17:16
U439,P129,purchase,2024-05-15 11:22:09
U463,P181,share,2024-07-18 05:55:38
U033,P045,add_to_cart,2024-05-16 15:38:17
U336,P185,remove_from_cart,2024-06-27 10:40:48
U367,P036,wishlist,2024-10-31 20:21:58
U391,P169,wishlist,2024-12-24 15:25:44
U202,P018,review,2024-05-26 05:26:46
U493,P121,add_to_cart,2024-08-11 17:04:19
U363,P130,wishlist,2024-02-20 06:18:00
U358,P083,remove_from_cart,2024-08-14 23:52:18
U317,P104,click,2024-01-18 10:46:11
U016,P188,add_to_cart,2024-03-30 23:38:26
U050,P171,click,2024-07-12 23:03:40
U479,P174,review,2024-05-05 16:43:26
U390,P060,purchase,2024-02-10 22:41:44
U461,P045,share,2024-10-20 12:41:45
U499,P108,click,2024-01-25 01:11:53
U314,P065,click,2024-01-15 12:45:48
U434,P192,click,2024-06-20 11:20:36
U391,P096,view,2024-12-24 16:07:04
U090,P083,click,2024-09-28 08:35:44
U231,P097,add_to_cart,2024-09-04 12:57:33
U294,P143,purchase,2024-03-17 00:13:24
U130,P126,review,2024-09-20 15:19:53
U147,P058,purchase,2024-10-15 05:22:32
U083,P112,purchase,2024-02-03 09:44:55
U299,P007,click,2024-03-20 01:07:36
U018,P036,view,2024-05-19 15:21:05
U397,P105,click,2024-05-12 07:39:34
U095,P175,review,2024-03-14 20:12:15
U427,P054,review,2024-07-13 12:15:46
U181,P092,add_to_cart,2024-11-07 07:24:54
U035,P113,share,2024-08-30 21:48:34
U193,P019,click,2024-02-19 09:31:08
U401,P133,wishlist,2024-02-09 04:34:38
U061,P128,purchase,2024-01-20 23:49:08
U308,P139,remove_from_cart,2024-01-09 18:06:40
U115,P075,wishlist,2024-05-31 15:02:16
U361,P092,click,2024-12-04 19:45:13
U447,P041,wishlist,2024-01-30 00:58:23
U274,P148,purchase,2024-11-27 08:21:20
U266,P157,wishlist,2024-06-04 00:59:48
U317,P015,click,2024-08-14 07:50:00
U242,P068,view,2024-01-13 12:49:20
U174,P108,wishlist,2024-03-18 20:54:01
U172,P196,view,2024-02-24 02:15:50
U105,P141,remove_from_cart,2024-12-24 21:55:42
U388,P170,view,2024-04-01 12:06:41
U253,P019,view,2024-05-14 07:30:51
U037,P107,click,2024-12-10 16:16:23
U283,P123,add_to_cart,2024-04-15 01:19:15
U371,P011,click,2024-01-14 19:49:00
U255,P130,purchase,2024-09-09 13:34:47
U180,P111,review,2024-04-27 20:03:50
U401,P059,view,2024-12-27 15:50:48
U029,P007,purchase,2024-07-26 10:58:23
U312,P098,view,2024-08-02 13:38:08
U247,P014,share,2024-10-24 08:40:08
U194,P179,add_to_cart,2024-06-15 21:16:05
U360,P110,add_to_cart,2024-02-14 21:18:48
U225,P031,remove_from_cart,2024-05-16 14:54:43
U100,P088,share,2024-12-22 13:01:10
U030,P061,purchase,2024-02-05 17:24:59
U302,P003,purchase,2024-06-09 10:02:57
U383,P193,view,2024-11-07 09:00:39
U008,P185,purchase,2024-11-11 14:11:06
U030,P020,view,2024-02-19 05:04:39
U225,P047,wishlist,2024-01-17 23:29:40
U161,P090,purchase,2024-04-23 13:29:02
U067,P156,share,2024-07-04 21:49:12
U337,P032,click,2024-01-30 15:53:36
U129,P140,purchase,2024-07-11 05:04:29
U362,P189,remove_from_cart,2024-12-14 14:36:46
U469,P057,review,2024-10-03 22:53:21
U155,P094,wishlist,2024-12-03 11:23:46
U335,P063,wishlist,2024-05-03 19:58:50
U358,P139,click,2024-01-21 23:17:36
U178,P106,review,2024-04-18 15:46:28
U041,P053,add_to_cart,2024-11-22 18:39:09
U500,P134,purchase,2024-04-28 10:14:21
U380,P142,purchase,2024-02-17 16:05:41
U191,P186,add_to_cart,2024-01-14 22:18:39
U121,P179,review,2024-09-09 09:34:56
U392,P117,click,2024-01-09 06:26:02
U256,P009,wishlist,2024-04-17 22:50:35
U302,P099,wishlist,2024-11-17 05:51:56
U495,P022,view,2024-04-18 09:19:49
U438,P157,share,2024-07-11 09:03:59
U010,P098,share,2024-06-21 10:33:50
U023,P058,purchase,2024-05-27 07:35:01
U095,P169,share,2024-07-25 19:11:04
U027,P170,wishlist,2024-01-13 03:47:38
U278,P196,remove_from_cart,2024-12-29 23:33:35
U014,P156,remove_from_cart,2024-12-24 08:10:30
U425,P068,purchase,2024-10-21 02:06:08
U015,P088,share,2024-12-02 05:18:10
U219,P187,view,2024-11-09 13:28:57
U056,P142,share,2024-10-07 02:58:31
U478,P174,wishlist,2024-11-29 09:55:52
U481,P137,review,2024-06-13 14:25:43
U294,P185,wishlist,2024-03-04 03:03:54
U492,P098,review,2024-10-16 13:48:40
U474,P061,add_to_cart,2024-12-18 12:29:40
U008,P072,wishlist,2024-02-03 05:15:40
U128,P198,wishlist,2024-05-11 02:01:46
U293,P102,view,2024-08-27 01:18:58
U141,P093,wishlist,2024-09-13 00:28:06
U129,P168,view,2024-02-18 06:37:11
U158,P146,remove_from_cart,2024-11-20 16:04:58
U136,P046,review,2024-06-28 16:54:10
U009,P113,view,2024-06-30 03:31:52
U019,P092,review,2024-09-04 16:11:47
U433,P143,purchase,2024-06-07 16:31:46
U030,P149,click,2024-04-17 08:39:37
U460,P157,remove_from_cart,2024-01-25 20:55:42
U226,P047,wishlist,2024-10-24 11:25:17
U403,P071,wishlist,2024-12-03 12:10:59
U254,P033,purchase,2024-09-01 19:10:39
U090,P038,view,2024-03-31 08:39:52
U059,P168,view,2024-03-12 13:23:08
U351,P130,review,2024-08-13 04:58:23
U163,P011,purchase,2024-01-24 14:49:01
U488,P183,wishlist,2024-04-09 23:33:43
U009,P174,remove_from_cart,2024-07-28 21:16:42
U368,P012,purchase,2024-05-15 19:42:59
U056,P020,review,2024-02-13 22:56:16
U262,P020,purchase,2024-03-20 05:48:30
U167,P147,remove_from_cart,2024-11-18 00:07:29
U422,P175,share,2024-01-28 17:25:57
U329,P110,wishlist,2024-02-25 13:35:50
U013,P084,remove_from_cart,2024-05-10 02:17:37
U500,P105,remove_from_cart,2024-07-01 19:06:08
U483,P076,view,2024-03-03 06:13:25
U189,P012,wishlist,2024-12-27 07:06:13
U077,P152,view,2024-02-11 06:09:17
U312,P055,remove_from_cart,2024-07-17 08:57:54
U367,P200,remove_from_cart,2024-03-24 10:43:17
U194,P150,view,2024-09-12 04:14:12
U372,P039,share,2024-10-23 04:03:26
U333,P021,click,2024-12-29 07:39:30
U115,P145,share,2024-07-28 07:32:24
U376,P032,view,2024-08-23 18:36:03
U242,P169,review,2024-05-03 02:05:20
U138,P050,wishlist,2024-12-19 19:47:00
U125,P085,purchase,2024-11-06 07:16:30
U394,P093,purchase,2024-06-26 00:33:40
U162,P192,click,2024-09-26 03:54:35
U124,P114,share,2024-05-20 12:58:36
U041,P091,click,2024-12-21 05:01:15
U186,P168,review,2024-08-23 01:02:45
U118,P115,share,2024-03-30 05:32:57
U292,P033,purchase,2024-10-28 13:01:20
U466,P105,add_to_cart,2024-08-23 04:05:40
U134,P074,remove_from_cart,2024-05-01 21:14:28
U061,P021,share,2024-06-12 12:12:53
U259,P038,review,2024-09-02 16:32:12
U452,P198,purchase,2024-12-15 11:25:09
U093,P117,view,2024-03-05 18:25:04
U062,P108,wishlist,2024-10-24 07:03:58
U284,P183,review,2024-10-15 11:54:03
U052,P033,view,2024-11-19 20:07:30
U221,P007,add_to_cart,2024-01-29 08:32:47
U068,P132,share,2024-12-17 04:19:03
U217,P091,add_to_cart,2024-06-05 05:52:15
U357,P143,purchase,2024-10-03 12:10:02
U151,P031,remove_from_cart,2024-12-14 12:37:10
U423,P087,click,2024-10-07 11:12:05
U024,P019,remove_from_cart,2024-06-23 08:00:28
U467,P105,review,2024-10-14 15:48:03
U428,P112,wishlist,2024-10-21 05:54:13
U245,P180,add_to_cart,2024-10-11 20:11:07
U094,P186,click,2024-02-29 03:07:56
U459,P002,remove_from_cart,2024-09-18 17:16:09
U333,P117,share,2024-05-04 10:41:17
U225,P046,wishlist,2024-10-27 04:56:28
U050,P060,wishlist,2024-07-10 13:49:42
U175,P013,share,2024-04-20 18:47:23
U166,P099,remove_from_cart,2024-10-21 02:32:58
U092,P037,view,2024-11-12 02:54:37
U484,P189,purchase,2024-06-16 04:54:06
U266,P072,remove_from_cart,2024-02-08 15:05:43
U178,P073,add_to_cart,2024-02-16 00:58:34
U148,P071,review,2024-06-19 11:00:02
U115,P044,wishlist,2024-12-30 18:01:26
U470,P067,click,2024-12-25 01:06:44
U119,P171,wishlist,2024-02-24 18:14:39
U050,P053,add_to_cart,2024-01-11 14:55:17
U307,P011,purchase,2024-01-03 14:07:23
U251,P007,remove_from_cart,2024-03-19 21:24:38
U145,P147,share,2024-10-11 07:34:04
U228,P134,add_to_cart,2024-11-18 17:50:01
U233,P076,click,2024-10-05 03:56:32
U362,P031,review,2024-12-11 04:57:35
U222,P127,wishlist,2024-02-03 17:37:46
U443,P036,wishlist,2024-10-11 03:19:14
U343,P030,remove_from_cart,2024-11-08 02:28:40
U041,P191,purchase,2024-10-09 11:30:05
U039,P084,add_to_cart,2024-07-15 22:08:36
U172,P071,review,2024-09-01 21:50:28
U377,P132,click,2024-10-01 11:56:41
U353,P081,view,2024-06-17 07:22:20
U052,P181,remove_from_cart,2024-03-14 22:38:39
U431,P143,view,2024-09-03 09:56:31
U322,P003,purchase,2024-02-23 03:45:51
U301,P097,purchase,2024-09-18 12:03:17
U101,P068,review,2024-02-28 19:27:31
U249,P048,review,2024-04-19 18:01:11
U068,P051,click,2024-07-19 12:19:22
U439,P186,purchase,2024-01-02 05:48:17
U223,P018,review,2024-08-04 14:29:13
U313,P054,add_to_cart,2024-01-16 01:45:39
U215,P177,wishlist,2024-08-26 05:05:57
U195,P162,purchase,2024-09-04 15:55:52
U179,P124,add_to_cart,2024-12-06 22:31:28
U154,P060,wishlist,2024-09-16 09:59:08
U249,P126,share,2024-08-20 04:17:32
U183,P140,review,2024-04-24 17:29:17
U050,P057,click,2024-12-08 02:32:17
U460,P194,wishlist,2024-06-11 22:53:59
U497,P115,remove_from_cart,2024-04-06 01:54:00
U340,P109,click,2024-03-09 10:15:04
U238,P082,click,2024-05-14 23:40:01
U357,P102,add_to_cart,2024-10-27 11:14:12
U452,P124,review,2024-08-21 10:16:26
U211,P176,purchase,2024-01-12 05:57:01
U149,P069,purchase,2024-12-11 13:38:09
U436,P105,view,2024-08-06 08:37:04
U396,P083,wishlist,2024-09-19 03:21:14
U163,P106,share,2024-11-10 04:42:40
U227,P109,share,2024-04-11 05:53:39
U468,P014,wishlist,2024-07-07 13:14:17
U373,P057,remove_from_cart,2024-09-04 02:25:50
U420,P012,wishlist,2024-06-22 20:16:23
U210,P057,add_to_cart,2024-07-27 04:00:15
U106,P200,click,2024-08-26 04:24:26
U313,P085,add_to_cart,2024-08-22 22:38:49
U277,P006,view,2024-11-07 15:01:48
U195,P024,remove_from_cart,2024-12-20 06:35:11
U181,P197,click,2024-09-11 08:24:17
U026,P133,purchase,2024-05-20 14:59:44
U275,P051,add_to_cart,2024-11-21 12:06:55
U275,P102,purchase,2024-04-22 16:44:36
U411,P042,remove_from_cart,2024-05-08 17:49:25
U212,P056,purchase,2024-01-06 07:08:32
U019,P006,click,2024-07-13 18:18:44
U204,P125,view,2024-03-01 22:50:17
U145,P078,view,2024-03-30 07:48:15
U324,P198,purchase,2024-01-14 02:50:02
U140,P192,click,2024-11-11 17:40:13
U402,P097,share,2024-02-20 22:48:32
U419,P190,wishlist,2024-11-30 18:16:13
U044,P020,click,2024-07-14 22:22:15
U370,P181,share,2024-01-08 19:51:02
U008,P191,add_to_cart,2024-02-07 02:39:09
U377,P151,share,2024-03-16 10:51:31
U426,P156,wishlist,2024-10-31 18:36:10
U166,P109,view,2024-04-27 08:16:45
U141,P118,purchase,2024-02-08 17:04:39
U136,P168,review,2024-05-26 05:59:12
U150,P110,click,2024-03-27 07:32:51
U496,P105,wishlist,2024-07-06 17:08:38
U146,P180,purchase,2024-05-28 12:18:14
U009,P128,share,2024-05-24 18:10:00
U391,P140,click,2024-06-24 15:27:54
U115,P148,view,2024-06-03 07:33:27
U395,P060,review,2024-05-23 14:59:14
U245,P145,click,2024-09-06 15:30:11
U160,P086,add_to_cart,2024-11-10 10:46:18
U323,P022,click,2024-08-05 19:49:51
U087,P054,review,2024-08-18 10:58:39
U128,P022,add_to_cart,2024-06-05 14:03:01
U316,P122,purchase,2024-01-23 21:17:41
U393,P127,wishlist,2024-06-08 22:48:00
U160,P190,remove_from_cart,2024-11-20 00:27:28
U078,P010,remove_from_cart,2024-09-24 13:55:23
U290,P154,share,2024-12-04 10:17:48
U003,P069,purchase,2024-10-20 05:27:48
U288,P126,review,2024-05-01 13:31:19
U492,P167,purchase,2024-05-04 23:44:49
U237,P182,review,2024-07-18 18:50:43
U285,P190,click,2024-12-23 18:29:22
U054,P109,click,2024-05-25 21:38:52
U066,P194,view,2024-03-03 22:49:02
U267,P192,click,2024-03-05 13:04:05
U102,P113,click,2024-01-16 04:05:01
U454,P109,review,2024-03-07 07:14:42
U321,P135,review,2024-02-24 07:38:23
U384,P141,share,2024-06-04 02:43:50
U005,P076,click,2024-06-18 02:57:43
U151,P185,wishlist,2024-07-21 21:52:03
U166,P158,remove_from_cart,2024-08-06 23:05:37
U333,P043,add_to_cart,2024-04-22 16:49:48
U268,P176,purchase,2024-11-07 18:45:58
U315,P183,remove_from_cart,2024-07-20 16:58:13
U310,P065,review,2024-06-28 18:21:21
U108,P085,add_to_cart,2024-03-04 18:48:39
U269,P184,review,2024-01-04 19:32:24
U163,P107,add_to_cart,2024-02-28 09:21:17
U241,P018,view,2024-05-01 02:33:51
U360,P049,purchase,2024-09-26 12:58:11
U049,P138,review,2024-05-08 13:28:15
U049,P016,review,2024-08-18 20:43:01
U081,P018,remove_from_cart,2024-09-04 03:09:05
U287,P058,remove_from_cart,2024-09-01 05:02:36
U008,P050,wishlist,2024-04-20 08:49:12
U421,P110,wishlist,2024-05-22 15:14:57
U320,P197,share,2024-12-28 20:22:51
U131,P144,purchase,2024-01-31 02:07:47
U304,P040,click,2024-10-10 18:13:36
U111,P072,add_to_cart,2024-04-12 02:45:22
U289,P027,add_to_cart,2024-11-05 11:30:06
U268,P151,share,2024-05-08 05:18:57
U295,P198,wishlist,2024-11-09 12:34:38
U378,P158,review,2024-03-22 06:52:47
U087,P001,purchase,2024-03-25 01:23:57
U047,P158,add_to_cart,2024-02-25 15:57:48
U085,P122,view,2024-05-05 13:43:38
U040,P014,add_to_cart,2024-07-17 17:26:19
U414,P113,share,2024-09-15 04:46:43
U242,P084,wishlist,2024-07-13 07:50:02
U390,P031,purchase,2024-08-05 12:55:51
U202,P097,share,2024-10-01 06:40:36
U243,P091,wishlist,2024-11-21 16:46:45
U268,P082,click,2024-12-09 00:49:06
U310,P055,add_to_cart,2024-09-03 03:09:48
U427,P072,add_to_cart,2024-11-22 04:12:45
U224,P144,review,2024-07-09 08:00:09
U356,P065,click,2024-08-04 16:03:08
U461,P112,remove_from_cart,2024-03-10 03:11:45
U013,P094,review,2024-10-26 07:51:43
U344,P089,share,2024-03-24 00:34:25
U316,P144,purchase,2024-05-28 12:45:41
U192,P046,view,2024-03-17 01:19:28
U227,P093,purchase,2024-01-03 04:19:52
U301,P080,remove_from_cart,2024-02-06 13:09:16
U467,P095,wishlist,2024-07-14 06:22:25
U472,P004,wishlist,2024-01-14 00:30:19
U332,P071,review,2024-06-03 16:22:09
U023,P179,wishlist,2024-04-16 11:29:07
U321,P015,view,2024-12-01 05:28:13
U368,P121,review,2024-07-09 09:55:54
U089,P122,click,2024-01-15 19:59:24
U190,P008,add_to_cart,2024-10-01 01:02:15
U377,P046,add_to_cart,2024-02-02 03:58:53
U215,P031,view,2024-06-21 04:34:57
U327,P182,view,2024-05-02 00:53:49
U050,P140,wishlist,2024-11-27 02:34:59
U100,P168,view,2024-05-09 04:39:44
U429,P173,remove_from_cart,2024-12-14 15:30:37
U364,P044,remove_from_cart,2024-07-19 12:38:30
U008,P171,share,2024-06-10 16:55:51
U429,P171,view,2024-01-26 05:25:24
U099,P195,add_to_cart,2024-10-10 02:22:20
U137,P022,add_to_cart,2024-06-21 04:46:37
U023,P071,purchase,2024-09-24 11:18:17
U259,P105,add_to_cart,2024-09-03 17:25:20
U383,P001,wishlist,2024-04-16 07:39:26
U288,P090,click,2024-05-12 14:34:04
U239,P146,click,2024-08-07 21:15:59
U477,P119,click,2024-02-15 03:38:14
U471,P024,add_to_cart,2024-10-10 07:54:08
U045,P048,remove_from_cart,2024-08-17 13:54:13
U321,P006,add_to_cart,2024-11-02 07:33:31
U006,P056,remove_from_cart,2024-06-27 18:45:52
U042,P186,purchase,2024-04-29 12:44:20
U429,P175,purchase,2024-10-17 06:21:05
U387,P189,add_to_cart,2024-04-30 13:56:57
U028,P098,wishlist,2024-03-10 03:07:04
U143,P036,remove_from_cart,2024-06-09 18:35:56
U116,P049,wishlist,2024-12-09 03:27:21
U103,P046,wishlist,2024-04-10 17:21:19
U358,P113,wishlist,2024-02-05 21:20:34
U251,P091,remove_from_cart,2024-05-15 11:36:12
U396,P165,review,2024-11-18 03:30:03
U324,P176,add_to_cart,2024-01-15 06:21:30
U487,P150,share,2024-03-01 11:16:06
U276,P146,purchase,2024-09-29 16:51:41
U223,P089,wishlist,2024-03-21 13:32:44
U176,P180,wishlist,2024-02-05 05:55:16
U263,P198,purchase,2024-04-10 06:43:39
U112,P120,wishlist,2024-01-13 05:07:01
U473,P030,add_to_cart,2024-07-03 13:16:35
U072,P120,remove_from_cart,2024-05-24 13:55:36
U289,P097,view,2024-05-05 04:43:30
U360,P027,remove_from_cart,2024-12-03 14:44:04
U462,P003,add_to_cart,2024-06-12 15:48:18
U244,P086,remove_from_cart,2024-09-08 14:41:29
U463,P026,add_to_cart,2024-12-20 15:09:50
U184,P079,add_to_cart,2024-06-30 07:16:32
U280,P048,view,2024-06-19 11:51:27
U415,P158,review,2024-08-18 12:31:03
U295,P178,share,2024-10-10 20:59:35
U205,P122,purchase,2024-04-08 02:10:02
U371,P096,remove_from_cart,2024-07-06 09:45:45
U348,P103,wishlist,2024-01-16 14:01:44
U498,P060,click,2024-06-12 11:52:25
U219,P199,wishlist,2024-08-12 06:34:41
U206,P152,view,2024-03-04 16:49:58
U263,P043,wishlist,2024-12-10 07:39:59
U306,P179,purchase,2024-08-08 14:02:03
U385,P036,add_to_cart,2024-09-14 15:23:45
U171,P014,click,2024-04-30 02:38:17
U406,P197,add_to_cart,2024-11-07 06:25:29
U178,P118,share,2024-03-05 05:05:59
U236,P001,add_to_cart,2024-03-18 19:55:27
U453,P045,wishlist,2024-04-29 10:21:25
U042,P048,purchase,2024-11-29 02:55:23
U105,P112,click,2024-10-08 05:25:18
U126,P040,remove_from_cart,2024-01-02 22:05:19
U245,P041,remove_from_cart,2024-02-08 19:15:39
U242,P141,share,2024-09-28 09:05:57
U109,P121,share,2024-11-18 20:42:56
U238,P181,purchase,2024-10-23 08:11:56
U470,P025,share,2024-02-19 21:43:44
U163,P196,add_to_cart,2024-06-04 07:11:05
U396,P084,wishlist,2024-11-14 09:00:23
U346,P187,share,2024-08-19 19:52:24
U202,P137,click,2024-05-14 17:02:11
U251,P172,view,2024-03-27 02:20:17
U454,P156,add_to_cart,2024-10-25 04:49:26
U121,P095,remove_from_cart,2024-05-11 23:38:25
U257,P001,share,2024-12-21 04:33:33
U040,P166,purchase,2024-02-23 14:59:52
U256,P049,view,2024-03-23 00:49:41
U155,P112,click,2024-05-11 21:10:37
U197,P168,add_to_cart,2024-06-14 07:55:01
U078,P073,wishlist,2024-05-30 05:22:54
U346,P124,view,2024-04-11 08:52:40
U491,P108,add_to_cart,2024-03-04 12:19:48
U204,P175,click,2024-06-29 13:23:37
U413,P022,remove_from_cart,2024-09-23 10:35:42
U376,P026,share,2024-11-08 01:37:52
U414,P004,add_to_cart,2024-05-03 21:32:08
U066,P148,share,2024-09-23 12:46:01
U233,P003,review,2024-09-10 22:01:05
U492,P172,share,2024-06-13 01:35:06
U395,P014,wishlist,2024-06-14 01:06:42
U133,P190,click,2024-08-22 10:17:44
U414,P116,remove_from_cart,2024-10-30 07:28:49
U243,P183,remove_from_cart,2024-11-23 20:13:11
U274,P094,click,2024-11-01 01:20:29
U092,P109,share,2024-12-03 23:55:01
U346,P021,add_to_cart,2024-01-03 16:50:29
U173,P182,wishlist,2024-03-17 17:53:13
U264,P158,review,2024-06-17 21:27:01
U025,P119,wishlist,2024-01-16 11:22:37
U063,P126,review,2024-05-22 13:39:30
U026,P154,remove_from_cart,2024-04-07 23:51:22
U218,P087,wishlist,2024-10-24 19:24:30
U420,P007,wishlist,2024-03-10 09:52:02
U151,P092,share,2024-01-07 19:17:19
U229,P084,wishlist,2024-09-03 23:47:18
U019,P153,click,2024-05-18 17:45:35
U375,P010,share,2024-04-06 13:22:08
U090,P022,click,2024-02-18 22:54:51
U373,P038,review,2024-06-16 10:08:53
U458,P071,remove_from_cart,2024-06-26 21:09:25
U353,P159,purchase,2024-12-22 19:36:17
U423,P188,review,2024-01-16 18:48:05
U040,P084,remove_from_cart,2024-01-15 20:51:51
U076,P156,click,2024-05-28 07:41:13
U263,P186,click,2024-05-11 04:16:12
U475,P164,wishlist,2024-06-13 02:15:51
U206,P006,add_to_cart,2024-10-17 00:22:23
U132,P185,click,2024-11-21 00:02:17
U468,P111,click,2024-11-04 05:18:20
U099,P147,wishlist,2024-04-27 18:02:31
U316,P132,purchase,2024-09-26 14:56:43
U410,P013,remove_from_cart,2024-08-10 15:52:44
U243,P056,share,2024-04-16 17:11:53
U383,P177,add_to_cart,2024-04-17 12:27:52
U257,P172,view,2024-08-22 19:29:26
U205,P047,wishlist,2024-04-15 21:33:22
U003,P105,purchase,2024-01-08 06:28:23
U401,P107,add_to_cart,2024-04-16 17:01:46
U137,P119,remove_from_cart,2024-02-07 17:28:55
U114,P058,view,2024-10-02 08:26:17
U167,P057,click,2024-08-25 10:31:59
U148,P187,review,2024-08-16 07:45:25
U216,P163,remove_from_cart,2024-07-29 06:45:13
U200,P122,view,2024-05-13 04:31:56
U175,P082,remove_from_cart,2024-11-15 11:27:18
U228,P039,review,2024-11-27 19:10:29
U381,P128,purchase,2024-07-25 16:50:23
U358,P044,share,2024-04-09 07:13:39
U207,P009,click,2024-09-02 04:55:33
U250,P144,remove_from_cart,2024-02-02 06:28:24
U107,P192,remove_from_cart,2024-04-28 01:47:25
U150,P193,remove_from_cart,2024-06-24 08:16:38
U346,P120,view,2024-03-01 13:05:52
U320,P150,add_to_cart,2024-08-30 10:34:22
U181,P145,share,2024-06-10 07:44:35
U392,P006,wishlist,2024-08-04 02:23:30
U381,P126,purchase,2024-05-25 17:54:12
U472,P138,add_to_cart,2024-05-26 23:12:44
U311,P032,click,2024-06-02 16:39:16
U112,P055,click,2024-08-09 15:43:44
U149,P046,add_to_cart,2024-10-24 19:47:22
U399,P189,share,2024-08-01 15:01:38
U210,P091,purchase,2024-06-11 09:43:12
U462,P154,wishlist,2024-05-04 01:03:22
U395,P093,click,2024-09-14 23:06:53
U453,P176,remove_from_cart,2024-07-14 01:49:07
U275,P137,share,2024-03-28 10:04:36
U440,P104,review,2024-10-20 22:08:59
U238,P074,review,2024-03-01 23:02:45
U474,P046,share,2024-04-22 00:09:20
U002,P137,remove_from_cart,2024-10-23 07:04:07
U238,P168,add_to_cart,2024-09-22 09:18:00
U465,P026,share,2024-08-13 07:27:46
U335,P108,share,2024-06-08 08:12:55
U097,P163,view,2024-08-28 08:20:31
U115,P036,click,2024-08-20 20:22:49
U293,P188,share,2024-01-09 20:49:29
U167,P157,purchase,2024-03-05 15:30:32
U292,P161,review,2024-09-22 18:43:33
U047,P095,view,2024-10-15 12:56:21
U308,P168,share,2024-08-02 09:32:51
U262,P050,add_to_cart,2024-06-26 18:42:55
U189,P186,purchase,2024-03-09 01:05:05
U242,P183,purchase,2024-05-05 08:00:27
U068,P076,click,2024-12-13 08:50:16
U016,P053,review,2024-06-27 07:59:17
U126,P176,review,2024-04-03 22:31:08
U408,P046,review,2024-07-13 06:20:28
U329,P029,remove_from_cart,2024-12-04 16:25:32
U472,P041,purchase,2024-06-28 12:07:48
U370,P018,view,2024-10-17 17:32:15
U017,P175,share,2024-12-02 17:36:36
U267,P121,share,2024-01-28 07:51:18
U401,P107,wishlist,2024-12-09 01:29:03
U367,P138,click,2024-10-04 23:41:29
U398,P156,view,2024-06-19 07:18:47
U247,P186,view,2024-04-23 18:36:49
U416,P102,view,2024-05-21 02:53:03
U205,P184,review,2024-06-15 10:44:04
U404,P032,click,2024-02-26 16:40:01
U434,P068,click,2024-10-07 09:28:25
U087,P094,share,2024-09-11 23:22:06
U174,P037,purchase,2024-11-04 23:05:32
U248,P054,wishlist,2024-02-07 17:16:37
U169,P165,click,2024-06-26 23:07:30
U461,P182,review,2024-10-19 05:49:53
U126,P194,wishlist,2024-05-12 23:47:57
U152,P177,review,2024-05-08 09:59:09
U404,P116,wishlist,2024-08-08 16:17:54
U141,P153,view,2024-10-22 16:02:32
U072,P038,wishlist,2024-01-11 01:46:58
U114,P095,remove_from_cart,2024-10-04 05:07:38
U150,P079,add_to_cart,2024-08-08 10:47:15
U325,P079,review,2024-10-03 22:22:35
U226,P173,wishlist,2024-02-29 23:29:49
U381,P178,add_to_cart,2024-02-26 21:43:21
U312,P075,share,2024-04-09 22:15:48
U327,P059,view,2024-11-26 11:08:28
U109,P150,wishlist,2024-02-27 14:50:48
U300,P004,wishlist,2024-05-21 10:14:02
U370,P131,share,2024-07-04 05:43:22
U317,P044,remove_from_cart,2024-09-07 01:07:52
U080,P151,remove_from_cart,2024-07-22 05:51:29
U192,P097,review,2024-09-08 19:18:25
U087,P135,review,2024-03-09 02:43:43
U248,P098,view,2024-09-16 17:09:12
U485,P017,remove_from_cart,2024-03-28 07:31:21
U159,P053,purchase,2024-02-28 06:55:35
U143,P156,click,2024-09-09 10:24:28
U101,P092,review,2024-06-27 09:11:19
U292,P164,view,2024-11-22 05:09:15
U383,P135,purchase,2024-10-14 22:08:33
U104,P094,view,2024-06-03 18:12:26
U321,P026,remove_from_cart,2024-07-16 01:27:52
U035,P070,click,2024-11-05 21:07:58
U029,P115,purchase,2024-04-05 00:41:49
U132,P190,add_to_cart,2024-09-24 20:27:39
U480,P167,purchase,2024-03-29 16:16:56
U354,P184,review,2024-03-09 21:46:25
U021,P156,wishlist,2024-08-02 08:47:09
U143,P024,purchase,2024-10-11 19:11:54
U426,P017,add_to_cart,2024-07-21 22:35:26
U156,P016,purchase,2024-03-29 09:15:27
U125,P150,review,2024-06-29 07:19:19
U051,P138,view,2024-05-03 19:58:30
U405,P163,click,2024-03-17 06:49:17
U245,P030,review,2024-02-02 09:12:56
U244,P051,click,2024-07-29 15:14:38
U302,P056,review,2024-04-26 11:50:19
U292,P003,share,2024-11-30 10:23:53
U464,P029,review,2024-10-28 21:51:16
U330,P050,review,2024-01-01 04:36:53
U129,P194,share,2024-08-21 13:01:36
U139,P127,add_to_cart,2024-05-07 15:08:28
U260,P124,wishlist,2024-09-07 14:26:31
U154,P068,purchase,2024-05-12 11:40:35
U141,P174,wishlist,2024-08-31 02:00:47
U226,P029,add_to_cart,2024-07-08 08:34:44
U004,P082,review,2024-07-11 13:04:42
U084,P046,click,2024-10-22 07:47:38
U222,P173,wishlist,2024-02-06 17:26:14
U474,P114,remove_from_cart,2024-09-04 17:30:00
U352,P138,add_to_cart,2024-03-16 04:26:27
U399,P028,purchase,2024-03-23 19:19:16
U158,P129,wishlist,2024-05-04 06:45:50
U393,P136,review,2024-02-09 23:15:25
U351,P077,purchase,2024-08-09 18:11:03
U345,P040,remove_from_cart,2024-03-01 17:38:21
U099,P197,share,2024-11-01 04:17:26
U088,P041,add_to_cart,2024-05-06 11:34:09
U490,P133,review,2024-09-10 18:58:26
U305,P107,wishlist,2024-03-29 19:51:30
U478,P068,review,2024-12-28 20:35:11
U439,P078,remove_from_cart,2024-02-26 07:22:20
U157,P086,remove_from_cart,2024-11-18 00:59:44
U382,P081,review,2024-04-29 14:55:31
U218,P145,share,2024-10-23 04:50:05
U214,P002,share,2024-01-22 11:30:09
U496,P105,remove_from_cart,2024-09-07 19:13:27
U413,P036,review,2024-10-24 21:24:40
U141,P005,purchase,2024-03-22 00:22:37
U339,P184,wishlist,2024-04-24 11:42:22
U427,P096,view,2024-05-04 23:49:12
U219,P098,remove_from_cart,2024-08-04 17:34:20
U287,P190,purchase,2024-11-05 17:00:07
U111,P159,review,2024-11-28 14:15:31
U141,P028,click,2024-04-04 10:12:31
U083,P084,review,2024-10-07 02:40:03
U304,P121,view,2024-10-30 09:34:19
U338,P100,review,2024-04-07 00:44:04
U144,P156,share,2024-01-24 00:52:22
U052,P015,remove_from_cart,2024-04-17 04:56:14
U276,P095,review,2024-12-24 16:37:57
U146,P029,review,2024-02-22 03:37:27
U451,P192,click,2024-05-06 00:59:00
U397,P188,share,2024-11-16 03:07:57
U078,P039,wishlist,2024-08-10 22:53:20
U103,P144,click,2024-06-19 04:53:25
U126,P084,wishlist,2024-08-04 04:34:54
U272,P075,view,2024-02-24 13:15:09
U396,P198,click,2024-12-04 03:44:53
U403,P180,remove_from_cart,2024-11-27 10:34:30
U185,P198,review,2024-10-17 05:05:27
U453,P055,add_to_cart,2024-05-04 18:25:36
U240,P059,review,2024-05-20 15:59:02
U171,P051,wishlist,2024-04-09 04:06:25
U310,P192,view,2024-02-24 11:24:38
U062,P165,share,2024-06-14 23:00:46
U203,P125,view,2024-11-18 23:46:03
U271,P016,remove_from_cart,2024-01-07 07:00:24
U290,P112,view,2024-07-14 19:35:32
U448,P084,review,2024-04-19 18:27:20
U295,P086,click,2024-10-12 05:25:09
U039,P145,click,2024-08-04 19:38:45
U400,P029,add_to_cart,2024-11-06 03:24:26
U263,P023,review,2024-08-24 21:54:19
U333,P049,click,2024-10-24 22:01:57
U351,P111,wishlist,2024-06-29 20:46:47
U232,P190,add_to_cart,2024-09-09 14:34:28
U170,P019,add_to_cart,2024-09-08 14:18:18
U295,P087,review,2024-07-23 22:39:02
U400,P178,share,2024-12-11 09:46:50
U011,P103,wishlist,2024-01-03 11:13:23
U320,P100,view,2024-01-04 07:34:44
U116,P083,share,2024-02-28 10:42:51
U133,P058,remove_from_cart,2024-07-25 17:59:40
U235,P168,purchase,2024-10-26 00:14:50
U421,P148,remove_from_cart,2024-12-12 21:37:59
U451,P184,add_to_cart,2024-03-14 08:11:06
U396,P038,purchase,2024-04-29 19:15:27
U093,P026,view,2024-07-26 03:51:13
U309,P011,add_to_cart,2024-07-28 17:52:31
U179,P018,remove_from_cart,2024-12-04 02:10:13
U162,P059,purchase,2024-03-19 07:59:36
U156,P042,share,2024-04-15 06:37:46
U120,P056,remove_from_cart,2024-01-11 14:25:16
U071,P113,click,2024-11-19 22:54:32
U486,P097,view,2024-06-21 09:56:12
U445,P191,purchase,2024-05-27 17:44:21
U026,P115,review,2024-06-04 00:36:37
U102,P053,share,2024-08-17 05:13:22
U418,P032,click,2024-03-09 00:01:13
U260,P149,click,2024-03-04 06:10:46
U388,P054,click,2024-07-08 22:49:15
U380,P155,remove_from_cart,2024-10-18 03:32:53
U163,P107,purchase,2024-03-22 16:23:38
U047,P130,remove_from_cart,2024-07-04 15:05:12
U131,P131,click,2024-06-26 11:07:03
U009,P002,share,2024-11-08 00:20:22
U216,P103,click,2024-05-17 17:52:02
U185,P080,click,2024-06-17 14:33:39
U485,P167,wishlist,2024-03-30 01:46:45
U360,P022,share,2024-12-06 04:22:10
U242,P005,wishlist,2024-10-10 08:38:10
U332,P083,view,2024-02-24 15:45:10
U434,P064,add_to_cart,2024-08-07 06:15:36
U005,P033,add_to_cart,2024-02-24 10:56:54
U356,P121,view,2024-01-24 18:15:09
U306,P054,wishlist,2024-05-24 08:31:57
U317,P107,add_to_cart,2024-06-11 19:35:31
U089,P045,add_to_cart,2024-10-15 03:37:50
U415,P172,add_to_cart,2024-05-21 18:40:49
U451,P029,add_to_cart,2024-01-12 15:26:06
U255,P053,wishlist,2024-06-05 18:19:50
U321,P096,wishlist,2024-08-29 12:39:16
U165,P008,view,2024-05-08 18:34:07
U015,P121,view,2024-10-12 10:14:17
U447,P037,share,2024-01-19 01:24:22
U277,P097,add_to_cart,2024-03-02 10:16:31
U052,P004,remove_from_cart,2024-12-14 10:24:17
U115,P024,share,2024-01-26 18:12:02
U058,P122,review,2024-06-10 04:47:47
U439,P138,review,2024-02-22 04:44:56
U439,P155,view,2024-04-30 22:44:46
U244,P121,wishlist,2024-02-19 18:53:51
U166,P169,remove_from_cart,2024-08-26 07:15:20
U343,P184,click,2024-07-04 13:19:26
U253,P192,purchase,2024-02-18 20:50:54
U113,P132,add_to_cart,2024-11-08 19:18:52
U483,P037,purchase,2024-09-13 00:16:54
U043,P191,click,2024-10-05 13:25:22
U207,P073,click,2024-04-07 00:06:25
U116,P065,add_to_cart,2024-10-10 12:22:31
U338,P078,remove_from_cart,2024-10-02 21:58:17
U499,P119,wishlist,2024-10-22 02:43:18
U461,P034,remove_from_cart,2024-06-12 21:31:13
U192,P170,add_to_cart,2024-08-13 00:06:22
U378,P009,share,2024-09-02 09:33:02
U025,P051,add_to_cart,2024-01-06 13:29:17
U074,P163,view,2024-11-20 10:17:50
U407,P061,add_to_cart,2024-06-03 02:06:17
U166,P003,review,2024-07-06 21:45:39
U440,P089,purchase,2024-09-01 04:01:44
U446,P148,share,2024-06-24 13:54:56
U110,P117,wishlist,2024-07-30 23:57:54
U226,P031,wishlist,2024-09-11 13:20:04
U394,P132,remove_from_cart,2024-05-10 23:26:26
U457,P048,wishlist,2024-05-12 10:11:30
U414,P125,review,2024-09-14 13:55:12
U050,P172,remove_from_cart,2024-10-23 10:11:08
U266,P068,click,2024-10-30 16:20:31
U188,P110,view,2024-07-30 00:05:53
U065,P025,purchase,2024-06-26 15:35:19
U425,P029,click,2024-08-01 18:42:12
U365,P076,add_to_cart,2024-12-05 03:48:31
U178,P079,review,2024-06-18 09:20:38
U284,P022,add_to_cart,2024-06-03 09:30:36
U420,P131,purchase,2024-02-25 00:49:05
U431,P175,purchase,2024-10-28 08:01:05
U009,P051,remove_from_cart,2024-07-23 02:42:40
U308,P200,add_to_cart,2024-08-06 14:26:59
U441,P136,view,2024-11-06 18:57:49
U273,P093,purchase,2024-09-26 09:42:13
U485,P136,add_to_cart,2024-05-25 10:19:59
U082,P026,add_to_cart,2024-09-03 13:45:55
U325,P159,purchase,2024-11-23 11:33:18
U477,P193,add_to_cart,2024-07-29 00:49:20
U483,P157,share,2024-11-29 07:53:27
U104,P072,view,2024-06-04 16:24:20
U152,P100,share,2024-12-13 02:18:08
U244,P120,remove_from_cart,2024-02-22 20:43:45
U370,P077,view,2024-01-30 01:50:36
U129,P182,wishlist,2024-03-22 01:44:08
U473,P188,click,2024-01-23 23:59:28
U387,P106,add_to_cart,2024-02-25 20:14:04
U247,P042,purchase,2024-05-31 22:36:17
U403,P041,share,2024-05-31 20:22:51
U303,P050,purchase,2024-11-20 00:30:36
U180,P019,purchase,2024-04-17 06:32:13
U072,P103,click,2024-10-08 22:36:51
U379,P150,add_to_cart,2024-03-20 22:29:05
U228,P037,wishlist,2024-10-22 09:09:44
U168,P003,click,2024-07-21 04:31:57
U160,P135,click,2024-10-26 16:22:26
U322,P154,review,2024-03-31 04:05:07
U339,P113,wishlist,2024-11-15 07:50:08
U064,P139,review,2024-02-29 16:22:11
U037,P194,remove_from_cart,2024-12-05 21:47:09
U140,P011,share,2024-11-21 10:30:57
U457,P066,click,2024-08-31 11:06:57
U239,P110,add_to_cart,2024-12-06 07:10:13
U364,P178,review,2024-10-21 13:21:18
U150,P058,click,2024-02-04 09:33:35
U375,P155,remove_from_cart,2024-04-03 17:00:35
U446,P171,review,2024-11-20 22:41:39
U360,P111,share,2024-01-23 00:02:23
U327,P027,wishlist,2024-11-23 03:02:16
U371,P188,wishlist,2024-12-17 08:42:26
U129,P164,remove_from_cart,2024-06-11 23:22:41
U342,P065,remove_from_cart,2024-02-02 06:29:10
U007,P026,review,2024-04-04 06:32:24
U300,P127,purchase,2024-08-17 13:18:22
U223,P171,wishlist,2024-02-10 09:01:41
U400,P182,review,2024-08-05 17:49:48
U311,P145,share,2024-08-23 14:10:52
U266,P171,share,2024-01-17 08:24:42
U309,P028,click,2024-08-11 13:13:07
U049,P031,purchase,2024-05-20 01:58:31
U298,P173,share,2024-11-12 14:59:36
U202,P184,view,2024-05-14 21:06:43
U332,P113,review,2024-08-10 15:57:43
U443,P134,view,2024-06-03 20:05:08
U417,P161,share,2024-09-16 20:10:08
U465,P007,purchase,2024-08-08 04:10:14
U093,P007,remove_from_cart,2024-02-08 08:55:18
U150,P106,view,2024-10-10 03:18:25
U234,P065,remove_from_cart,2024-11-13 19:44:47
U350,P089,remove_from_cart,2024-04-06 14:03:43
U142,P115,view,2024-05-06 00:40:29
U235,P179,wishlist,2024-10-25 11:58:30
U407,P042,purchase,2024-08-04 21:23:24
U395,P141,remove_from_cart,2024-10-14 15:52:07
U206,P193,remove_from_cart,2024-10-30 07:09:05
U418,P045,review,2024-11-28 16:31:22
U046,P086,remove_from_cart,2024-08-27 09:17:23
U276,P190,purchase,2024-05-02 22:18:43
U425,P079,click,2024-12-21 00:41:39
U370,P024,share,2024-05-01 12:39:58
U319,P128,add_to_cart,2024-10-20 19:41:31
U196,P052,wishlist,2024-11-28 10:16:28
U363,P125,remove_from_cart,2024-05-10 21:04:45
U413,P113,remove_from_cart,2024-10-20 02:58:27
U082,P044,remove_from_cart,2024-01-07 04:27:12
U058,P049,wishlist,2024-12-18 22:54:45
U260,P180,wishlist,2024-10-20 21:36:46
U287,P138,add_to_cart,2024-06-03 13:21:38
U317,P179,click,2024-03-18 03:16:08
U048,P024,share,2024-11-26 23:09:42
U135,P038,remove_from_cart,2024-07-25 22:18:52
U182,P102,add_to_cart,2024-12-23 18:44:59
U198,P027,wishlist,2024-08-26 05:29:20
U292,P022,remove_from_cart,2024-03-28 07:31:10
U227,P011,purchase,2024-07-31 19:36:39
U080,P171,wishlist,2024-01-11 05:41:07
U254,P058,purchase,2024-04-05 06:50:38
U449,P058,review,2024-09-08 14:49:10
U416,P056,add_to_cart,2024-01-05 19:44:50
U152,P063,view,2024-11-29 00:46:17
U314,P124,review,2024-06-09 23:39:39
U285,P142,purchase,2024-06-09 03:08:03
U096,P133,share,2024-08-31 14:26:28
U295,P100,wishlist,2024-10-01 11:20:58
U408,P094,wishlist,2024-06-16 12:08:39
U190,P094,purchase,2024-05-04 08:03:29
U277,P092,click,2024-09-26 05:05:00
U069,P083,purchase,2024-11-04 23:07:45
U276,P149,add_to_cart,2024-02-07 12:34:36
U470,P130,review,2024-07-26 21:54:57
U161,P027,purchase,2024-10-06 15:52:36
U179,P184,purchase,2024-06-29 16:47:02
U138,P148,view,2024-06-27 17:44:13
U317,P113,review,2024-08-17 13:06:20
U224,P017,add_to_cart,2024-01-09 14:07:42
U287,P115,view,2024-12-13 21:50:57
U178,P123,add_to_cart,2024-01-25 18:26:35
U350,P091,click,2024-10-06 04:20:34
U142,P146,wishlist,2024-12-14 04:15:19
U373,P008,review,2024-06-16 07:37:36
U361,P196,add_to_cart,2024-06-02 21:16:50
U111,P170,review,2024-04-30 07:46:51
U276,P179,wishlist,2024-05-08 08:47:35
U120,P146,share,2024-02-26 00:20:58
U393,P139,remove_from_cart,2024-12-01 01:15:51
U004,P157,view,2024-10-03 13:22:51
U387,P092,click,2024-10-27 19:59:24
U037,P158,click,2024-07-24 17:49:57
U212,P187,add_to_cart,2024-10-11 11:55:11
U100,P064,add_to_cart,2024-11-20 13:39:21
U093,P008,review,2024-10-09 23:40:11
U062,P085,click,2024-02-06 13:38:53
U485,P104,share,2024-11-08 14:20:30
U209,P098,review,2024-02-23 19:00:07
U434,P088,add_to_cart,2024-02-07 05:30:38
U160,P091,add_to_cart,2024-10-01 16:10:06
U221,P065,review,2024-02-05 05:42:24
U095,P067,share,2024-03-18 21:47:43
U117,P090,click,2024-05-11 22:25:17
U232,P193,click,2024-07-22 10:47:48
U132,P006,view,2024-08-04 08:48:46
U031,P175,remove_from_cart,2024-02-07 02:02:03
U087,P001,view,2024-01-02 19:26:38
U168,P099,wishlist,2024-01-11 17:44:59
U410,P146,remove_from_cart,2024-11-29 17:48:10
U036,P045,purchase,2024-09-04 04:26:23
U318,P128,add_to_cart,2024-07-26 20:33:21
U112,P089,click,2024-12-04 16:32:02
U350,P040,remove_from_cart,2024-08-10 21:55:41
U091,P113,add_to_cart,2024-07-16 00:38:47
U077,P114,view,2024-08-29 14:13:48
U020,P138,click,2024-11-09 11:41:39
U479,P080,wishlist,2024-02-11 20:32:06
U179,P175,add_to_cart,2024-08-17 04:11:22
U266,P043,click,2024-07-12 06:26:38
U099,P155,add_to_cart,2024-08-26 03:21:36
U472,P087,review,2024-12-26 15:14:22
U338,P141,share,2024-10-31 11:59:36
U230,P030,click,2024-05-11 09:35:38
U127,P094,add_to_cart,2024-04-02 23:50:54
U492,P126,purchase,2024-11-04 09:07:09
U207,P011,remove_from_cart,2024-01-23 18:25:01
U470,P123,click,2024-11-25 05:49:40
U267,P024,remove_from_cart,2024-12-20 03:13:00
U270,P145,share,2024-10-20 23:02:17
U280,P165,purchase,2024-04-19 17:39:52
U165,P035,review,2024-10-23 12:32:47
U102,P075,share,2024-06-05 23:46:19
U223,P097,click,2024-07-09 11:28:06
U013,P126,click,2024-05-04 20:43:56
U288,P124,share,2024-04-28 19:10:19
U255,P198,wishlist,2024-10-26 08:46:30
U351,P179,view,2024-07-23 21:07:24
U426,P011,purchase,2024-02-04 15:17:15
U158,P151,add_to_cart,2024-09-05 21:55:23
U161,P190,view,2024-07-26 11:57:49
U015,P013,wishlist,2024-05-29 11:32:27
U097,P091,view,2024-11-15 21:52:13
U423,P176,share,2024-10-13 19:41:33
U261,P135,add_to_cart,2024-07-16 13:51:09
U190,P175,view,2024-12-19 15:59:09
U110,P026,review,2024-03-13 02:53:58
U457,P057,remove_from_cart,2024-01-29 08:04:08
U366,P053,review,2024-03-21 06:55:40
U293,P164,view,2024-01-18 13:36:37
U473,P098,purchase,2024-12-15 15:35:49
U353,P030,wishlist,2024-01-02 20:10:07
U464,P062,remove_from_cart,2024-03-09 18:17:52
U200,P059,remove_from_cart,2024-12-22 08:29:59
U429,P103,view,2024-03-01 13:21:48
U073,P154,purchase,2024-08-29 11:15:29
U343,P067,share,2024-09-21 05:44:51
U293,P182,wishlist,2024-03-20 13:35:07
U482,P168,wishlist,2024-06-07 22:03:07
U354,P003,share,2024-11-15 20:05:17
U212,P097,wishlist,2024-11-23 05:55:13
U462,P049,review,2024-04-08 10:05:48
U308,P003,share,2024-01-17 05:35:53
U357,P197,review,2024-02-20 01:19:31
U340,P177,purchase,2024-01-28 09:20:04
U327,P030,click,2024-03-02 17:16:38
U462,P126,click,2024-03-12 05:01:32
U275,P084,add_to_cart,2024-10-14 10:09:58
U132,P175,share,2024-04-20 14:35:29
U275,P074,wishlist,2024-11-28 05:54:48
U292,P067,click,2024-10-22 12:56:03
U062,P102,purchase,2024-02-03 14:16:01
U285,P128,purchase,2024-02-19 08:47:52
U266,P010,review,2024-07-04 22:55:26
U056,P029,purchase,2024-01-15 18:28:37
U427,P100,add_to_cart,2024-02-02 11:16:59
U391,P178,click,2024-04-03 21:17:25
U224,P158,remove_from_cart,2024-06-19 03:28:03
U379,P037,review,2024-08-19 20:27:25
U394,P011,purchase,2024-10-25 11:23:52
U108,P186,remove_from_cart,2024-01-17 23:51:11
U292,P004,add_to_cart,2024-05-12 13:35:21
U441,P065,add_to_cart,2024-05-15 23:19:44
U237,P052,view,2024-05-31 23:17:27
U195,P040,wishlist,2024-07-15 08:28:59
U033,P058,add_to_cart,2024-08-31 14:03:17
U100,P086,review,2024-01-10 19:54:11
U447,P113,click,2024-11-23 13:15:56
U126,P155,wishlist,2024-08-04 06:14:50
U083,P037,remove_from_cart,2024-01-23 00:36:16
U058,P176,click,2024-06-08 04:46:12
U266,P137,view,2024-08-28 05:38:29
U369,P044,remove_from_cart,2024-05-23 20:07:07
U020,P037,click,2024-09-22 18:17:35
U120,P002,share,2024-01-02 07:53:08
U289,P015,share,2024-10-25 12:45:38
U291,P031,purchase,2024-10-22 23:59:51
U322,P010,click,2024-01-08 16:29:14
U333,P122,share,2024-04-19 16:47:48
U352,P158,share,2024-06-23 15:14:21
U467,P192,purchase,2024-09-22 04:54:49
U252,P157,wishlist,2024-05-14 00:59:46
U326,P117,review,2024-12-23 01:40:34
U461,P040,review,2024-07-27 08:07:11
U451,P093,purchase,2024-02-26 01:58:28
U147,P164,add_to_cart,2024-05-30 20:37:58
U132,P042,remove_from_cart,2024-10-14 09:21:06
U011,P111,wishlist,2024-02-25 22:01:33
U022,P118,share,2024-10-03 00:04:19
U451,P139,purchase,2024-06-05 05:03:51
U065,P161,remove_from_cart,2024-03-21 19:38:28
U483,P104,share,2024-12-09 03:57:07
U214,P118,review,2024-06-21 09:22:53
U488,P100,review,2024-05-21 04:37:38
U173,P084,share,2024-02-21 16:43:07
U371,P136,purchase,2024-04-05 12:57:09
U112,P183,purchase,2024-08-08 17:44:49
U100,P187,remove_from_cart,2024-12-15 15:54:38
U238,P141,share,2024-05-25 13:32:39
U330,P079,purchase,2024-06-01 13:26:12
U073,P121,click,2024-07-29 19:31:48
U334,P116,wishlist,2024-12-17 08:11:31
U427,P199,share,2024-01-20 18:17:21
U103,P056,remove_from_cart,2024-08-02 06:09:07
U456,P041,share,2024-12-29 22:36:35
U265,P111,add_to_cart,2024-06-21 00:52:33
U013,P178,purchase,2024-05-29 21:30:26
U291,P171,add_to_cart,2024-04-16 03:31:36
U382,P175,add_to_cart,2024-09-06 00:46:21
U206,P148,purchase,2024-02-28 12:28:11
U211,P082,review,2024-04-05 10:04:32
U445,P190,add_to_cart,2024-10-23 04:08:09
U477,P125,remove_from_cart,2024-08-25 00:56:57
U478,P196,view,2024-09-19 14:32:31
U050,P017,click,2024-01-09 08:04:41
U005,P014,remove_from_cart,2024-11-27 02:48:59
U047,P081,remove_from_cart,2024-03-19 20:09:46
U381,P039,purchase,2024-04-29 10:41:02
U431,P017,remove_from_cart,2024-08-30 00:56:25
U466,P081,review,2024-07-03 12:08:05
U174,P181,add_to_cart,2024-04-22 12:34:56
U156,P026,add_to_cart,2024-12-15 20:13:24
U451,P039,add_to_cart,2024-06-10 05:48:46
U061,P137,share,2024-03-02 11:16:49
U288,P142,review,2024-09-28 19:11:32
U144,P177,purchase,2024-02-14 00:35:45
U340,P038,review,2024-02-07 16:44:52
U387,P011,add_to_cart,2024-12-07 20:21:18
U196,P122,share,2024-07-04 04:50:39
U088,P197,view,2024-08-15 15:33:01
U353,P093,review,2024-08-15 03:34:52
U293,P047,review,2024-12-13 04:34:21
U011,P126,remove_from_cart,2024-12-09 22:25:34
U174,P022,remove_from_cart,2024-01-27 18:06:04
U091,P035,wishlist,2024-09-20 01:34:31
U202,P039,click,2024-12-29 03:06:02
U405,P172,purchase,2024-09-03 07:23:04
U165,P075,click,2024-05-17 18:09:14
U309,P127,view,2024-08-29 12:10:32
U457,P152,share,2024-03-06 15:45:17
U187,P065,purchase,2024-07-18 09:26:50
U144,P134,view,2024-07-09 03:29:13
U164,P043,view,2024-09-09 04:53:39
U123,P180,wishlist,2024-04-12 04:23:40
U230,P111,remove_from_cart,2024-01-16 17:04:29
U140,P192,review,2024-09-13 02:09:05
U042,P086,view,2024-02-20 17:44:41
U447,P160,view,2024-10-12 07:21:10
U294,P005,wishlist,2024-05-27 20:06:43
U103,P121,share,2024-05-30 20:07:25
U019,P178,wishlist,2024-09-27 15:10:10
U193,P086,remove_from_cart,2024-11-07 21:51:48
U263,P109,share,2024-10-01 16:19:56
U176,P034,remove_from_cart,2024-10-06 06:39:26
U134,P142,purchase,2024-07-08 20:13:47
U145,P069,click,2024-12-20 17:06:27
U231,P172,click,2024-11-08 19:34:21
U342,P082,click,2024-01-09 22:26:42
U416,P033,click,2024-04-04 08:33:39
U039,P046,remove_from_cart,2024-01-26 05:27:48
U079,P147,purchase,2024-10-29 11:39:24
U045,P020,view,2024-10-07 19:50:48
U007,P189,remove_from_cart,2024-12-03 22:28:30
U466,P159,click,2024-03-01 16:17:51
U299,P161,review,2024-09-02 01:22:24
U448,P085,click,2024-08-25 21:31:16
U063,P015,add_to_cart,2024-03-18 11:40:24
U471,P191,click,2024-03-13 01:40:57
U047,P184,click,2024-01-02 11:48:07
U222,P176,purchase,2024-03-22 15:23:00
U026,P184,click,2024-05-30 06:10:41
U165,P161,purchase,2024-07-03 21:03:09
U419,P051,review,2024-08-23 03:16:33
U362,P048,review,2024-04-21 20:56:46
U375,P174,view,2024-06-20 20:33:04
U095,P130,view,2024-01-31 21:32:13
U091,P051,wishlist,2024-02-25 21:10:40
U450,P139,purchase,2024-09-28 20:09:55
U064,P180,click,2024-03-14 02:08:14
U096,P083,purchase,2024-03-04 01:53:50
U203,P163,wishlist,2024-08-21 14:53:21
U212,P130,wishlist,2024-03-25 18:18:50
U219,P065,remove_from_cart,2024-10-12 14:49:37
U124,P136,view,2024-09-11 07:34:16
U456,P175,wishlist,2024-04-19 07:17:45
U387,P042,click,2024-01-24 22:20:09
U033,P127,remove_from_cart,2024-12-16 13:42:46
U376,P016,share,2024-02-01 01:12:10
U346,P196,review,2024-01-05 15:50:17
U382,P173,click,2024-05-03 15:41:05
U302,P198,remove_from_cart,2024-09-28 02:32:22
U349,P156,click,2024-08-09 01:20:20
U135,P187,remove_from_cart,2024-06-24 01:38:20
U184,P191,review,2024-05-23 20:46:57
U256,P077,review,2024-05-01 17:47:44
U280,P191,purchase,2024-03-29 14:09:16
U301,P044,view,2024-09-25 07:19:29
U181,P105,review,2024-12-07 17:57:29
U237,P084,share,2024-06-29 01:17:15
U445,P119,review,2024-02-29 07:07:33
U073,P189,share,2024-06-11 22:55:44
U487,P007,add_to_cart,2024-11-02 03:09:54
U163,P098,add_to_cart,2024-06-04 02:50:52
U188,P004,share,2024-11-03 08:09:02
U419,P170,add_to_cart,2024-02-28 15:46:56
U304,P048,purchase,2024-02-06 20:01:50
U009,P101,review,2024-02-28 05:10:03
U139,P087,purchase,2024-01-09 10:04:42
U255,P101,add_to_cart,2024-04-27 21:01:52
U425,P141,wishlist,2024-03-29 10:41:02
U098,P125,review,2024-06-17 02:30:45
U223,P041,review,2024-09-15 13:36:18
U031,P091,click,2024-01-26 23:36:35
U488,P083,review,2024-08-24 01:16:16
U149,P037,purchase,2024-07-20 11:13:07
U483,P127,purchase,2024-06-10 16:37:13
U252,P004,wishlist,2024-09-02 06:05:12
U082,P087,wishlist,2024-09-22 15:52:43
U317,P110,click,2024-08-20 16:09:51
U067,P136,wishlist,2024-05-12 11:15:24
U372,P096,add_to_cart,2024-05-23 12:37:08
U290,P122,click,2024-01-07 21:04:01
U229,P095,share,2024-04-05 13:54:36
U108,P084,purchase,2024-12-19 11:10:36
U447,P081,review,2024-11-01 13:33:53
U144,P143,remove_from_cart,2024-08-12 04:04:42
U407,P085,purchase,2024-12-16 05:54:19
U066,P083,purchase,2024-10-02 00:00:57
U304,P157,purchase,2024-11-11 20:42:34
U420,P064,review,2024-08-06 18:19:05
U241,P005,remove_from_cart,2024-07-17 10:29:48
U451,P025,share,2024-10-18 08:17:57
U076,P160,remove_from_cart,2024-02-01 13:50:32
U271,P126,review,2024-08-22 00:38:13
U462,P187,wishlist,2024-01-26 23:47:25
U231,P100,purchase,2024-11-03 07:16:43
U395,P071,add_to_cart,2024-05-21 06:41:53
U435,P200,view,2024-07-02 23:38:29
U127,P058,view,2024-05-07 01:51:32
U183,P159,review,2024-08-06 05:04:53
U075,P070,remove_from_cart,2024-07-07 05:42:36
U161,P155,purchase,2024-11-16 01:30:30
U416,P166,purchase,2024-12-24 17:35:36
U306,P155,click,2024-04-24 19:22:26
U376,P016,purchase,2024-07-22 07:23:38
U410,P130,wishlist,2024-04-06 09:38:18
U405,P097,share,2024-09-29 02:29:41
U420,P003,wishlist,2024-04-11 08:35:00
U105,P037,wishlist,2024-01-10 19:39:40
U015,P167,share,2024-01-31 13:37:38
U189,P120,add_to_cart,2024-06-22 11:24:24
U321,P098,add_to_cart,2024-08-18 15:02:13
U228,P195,remove_from_cart,2024-02-11 20:15:17
U480,P071,review,2024-04-17 04:02:07
U102,P181,review,2024-04-20 14:10:53
U084,P151,add_to_cart,2024-05-05 08:44:55
U490,P005,click,2024-01-21 08:37:20
U445,P084,review,2024-05-23 05:40:12
U073,P081,share,2024-08-01 15:33:23
U014,P161,share,2024-09-08 00:12:59
U166,P102,add_to_cart,2024-05-06 20:13:48
U314,P195,view,2024-09-06 22:58:56
U145,P083,view,2024-12-09 00:34:34
U262,P015,add_to_cart,2024-07-11 21:21:41
U033,P018,add_to_cart,2024-02-28 20:44:02
U053,P134,add_to_cart,2024-10-04 05:35:58
U121,P024,remove_from_cart,2024-05-18 16:14:11
U174,P021,share,2024-05-13 10:20:00
U385,P018,review,2024-06-04 13:29:19
U280,P016,share,2024-09-06 06:11:02
U405,P102,add_to_cart,2024-07-31 20:38:20
U422,P023,purchase,2024-06-23 04:18:20
U082,P030,wishlist,2024-03-29 07:29:08
U123,P015,view,2024-01-21 09:10:40
U330,P179,purchase,2024-07-04 21:44:39
U022,P011,purchase,2024-10-21 13:59:27
U120,P040,add_to_cart,2024-07-13 09:46:47
U164,P083,share,2024-10-20 14:05:11
U325,P172,share,2024-01-08 11:28:35
U262,P196,wishlist,2024-07-10 03:53:26
U013,P172,share,2024-08-01 14:39:40
U035,P011,purchase,2024-08-17 00:06:37
U019,P054,purchase,2024-08-14 07:31:22
U252,P002,remove_from_cart,2024-09-29 13:28:32
U042,P149,remove_from_cart,2024-07-16 17:36:33
U461,P043,share,2024-03-23 15:14:16
U078,P138,view,2024-12-21 10:17:18
U322,P191,wishlist,2024-04-13 04:00:24
U285,P096,share,2024-03-03 02:02:02
U428,P052,wishlist,2024-05-09 21:37:59
U101,P084,wishlist,2024-06-01 11:35:58
U062,P167,wishlist,2024-06-24 09:40:51
U015,P115,share,2024-03-20 10:55:03
U095,P029,view,2024-05-30 11:18:53
U412,P028,purchase,2024-03-18 17:27:52
U389,P146,wishlist,2024-11-19 11:28:02
U354,P173,purchase,2024-12-10 08:11:49
U304,P078,remove_from_cart,2024-06-29 02:44:26
U028,P166,purchase,2024-08-08 03:23:35
U456,P065,purchase,2024-07-17 11:47:29
U013,P080,view,2024-03-25 01:12:49
U425,P047,remove_from_cart,2024-03-21 03:20:47
U256,P185,share,2024-10-06 14:36:00
U168,P118,share,2024-08-21 17:18:12
U386,P043,review,2024-07-05 11:33:38
U288,P153,wishlist,2024-11-04 17:57:59
U342,P064,click,2024-08-27 08:59:15
U055,P001,view,2024-08-28 12:04:39
U026,P003,wishlist,2024-12-27 05:42:51
U001,P078,review,2024-05-28 03:06:02
U374,P146,add_to_cart,2024-02-07 18:16:27
U028,P095,purchase,2024-09-07 19:01:56
U098,P109,remove_from_cart,2024-01-30 13:17:55
U144,P107,view,2024-04-25 12:37:14
U395,P009,click,2024-04-27 07:18:40
U073,P068,review,2024-12-27 05:24:01
U478,P053,click,2024-12-23 01:29:18
U326,P191,view,2024-12-07 20:54:09
U477,P122,add_to_cart,2024-01-06 13:41:46
U058,P023,purchase,2024-06-25 19:11:13
U446,P149,wishlist,2024-04-14 21:12:19
U012,P180,review,2024-01-25 13:50:53
U375,P178,add_to_cart,2024-03-24 16:22:40
U034,P102,share,2024-01-12 14:40:14
U020,P128,share,2024-11-18 12:21:58
U239,P106,add_to_cart,2024-01-06 03:40:35
U296,P012,click,2024-10-25 20:34:04
U449,P072,wishlist,2024-10-06 04:21:42
U246,P052,wishlist,2024-01-10 11:32:40
U344,P070,purchase,2024-04-01 04:40:01
U354,P115,view,2024-09-09 12:08:15
U023,P145,share,2024-08-05 01:44:21
U488,P180,review,2024-11-03 13:38:14
U119,P184,view,2024-04-21 06:31:58
U187,P023,remove_from_cart,2024-06-26 04:37:40
U421,P121,add_to_cart,2024-05-24 23:06:17
U338,P096,add_to_cart,2024-05-04 13:14:43
U377,P164,remove_from_cart,2024-06-07 01:31:49
U090,P149,share,2024-05-24 12:18:56
U240,P089,wishlist,2024-02-27 08:02:27
U417,P173,review,2024-09-19 10:04:48
U278,P105,remove_from_cart,2024-06-16 15:50:28
U045,P155,wishlist,2024-12-09 14:40:33
U071,P086,remove_from_cart,2024-09-07 16:09:42
U239,P116,add_to_cart,2024-12-11 12:59:10
U022,P088,add_to_cart,2024-08-20 13:09:03
U175,P139,add_to_cart,2024-11-26 12:48:25
U409,P147,add_to_cart,2024-11-13 00:04:40
U406,P053,share,2024-02-01 17:54:13
U422,P108,click,2024-07-13 17:14:03
U279,P011,click,2024-08-11 11:43:07
U003,P066,add_to_cart,2024-10-14 06:36:31
U117,P176,remove_from_cart,2024-07-08 23:29:16
U060,P084,remove_from_cart,2024-07-31 23:55:51
U480,P102,share,2024-03-26 01:53:37
U296,P090,share,2024-09-24 02:46:09
U385,P028,purchase,2024-09-05 17:36:25
U330,P117,add_to_cart,2024-11-20 00:41:56
U356,P193,purchase,2024-10-05 03:29:07
U001,P130,click,2024-07-11 07:37:32
U074,P019,wishlist,2024-04-03 22:03:00
U387,P104,wishlist,2024-11-16 11:43:09
U108,P139,click,2024-11-12 07:38:15
U098,P007,view,2024-01-13 01:50:57
U152,P031,purchase,2024-03-13 02:58:51
U424,P199,click,2024-01-27 00:41:20
U130,P116,click,2024-06-12 20:33:22
U484,P092,share,2024-01-05 02:30:18
U358,P153,wishlist,2024-05-13 06:34:20
U199,P096,purchase,2024-04-27 23:29:47
U220,P159,review,2024-09-03 16:40:32
U315,P152,view,2024-09-20 17:49:59
U252,P009,review,2024-05-04 03:11:05
U180,P008,wishlist,2024-09-29 02:21:32
U243,P099,click,2024-06-13 03:51:54
U353,P151,remove_from_cart,2024-09-22 23:14:51
U252,P007,share,2024-01-16 00:26:42
U493,P125,click,2024-07-03 10:07:33
U130,P140,click,2024-02-02 05:17:12
U126,P186,click,2024-06-25 13:58:57
U195,P192,remove_from_cart,2024-04-03 17:48:43
U310,P121,view,2024-05-05 09:23:23
U159,P142,review,2024-03-25 02:26:31
U315,P106,click,2024-01-04 23:56:47
U351,P033,view,2024-12-29 07:50:52
U260,P114,click,2024-07-13 23:39:21
U093,P119,wishlist,2024-09-27 17:43:56
U290,P100,view,2024-04-08 08:02:06
U300,P031,review,2024-03-08 13:02:22
U462,P116,wishlist,2024-11-27 11:42:35
U084,P011,wishlist,2024-08-21 10:50:51
U170,P110,click,2024-09-23 17:30:30
U080,P020,purchase,2024-07-06 05:55:41
U249,P064,view,2024-05-30 09:55:54
U398,P191,add_to_cart,2024-10-26 23:52:26
U193,P012,wishlist,2024-03-11 22:40:49
U115,P088,review,2024-03-29 19:56:29
U366,P114,click,2024-02-09 10:24:00
U085,P036,add_to_cart,2024-10-14 12:37:18
U485,P155,view,2024-06-19 03:21:45
U255,P094,share,2024-01-08 23:25:27
U363,P135,remove_from_cart,2024-09-03 13:03:47
U279,P028,share,2024-07-02 22:48:45
U018,P072,share,2024-08-04 10:14:26
U360,P109,click,2024-01-26 07:28:41
U045,P068,remove_from_cart,2024-07-03 07:49:49
U206,P130,purchase,2024-12-18 02:16:32
U476,P036,click,2024-01-10 08:42:53
U083,P023,add_to_cart,2024-09-15 02:54:09
U101,P115,remove_from_cart,2024-08-04 11:03:02
U135,P123,click,2024-11-02 19:18:59
U337,P048,share,2024-02-14 23:47:55
U287,P011,purchase,2024-03-19 14:56:43
U076,P077,add_to_cart,2024-10-16 23:12:33
U360,P101,view,2024-05-24 09:58:22
U031,P131,view,2024-02-13 18:55:48
U269,P171,wishlist,2024-08-15 09:56:04
U272,P003,wishlist,2024-12-07 21:46:46
U416,P036,remove_from_cart,2024-12-23 13:50:27
U125,P123,purchase,2024-03-14 06:30:14
U340,P122,review,2024-07-04 22:07:39
