{
  "train_loss": [
    5.399533601907583,
    4.610443054101406,
    3.8418330412644606,
    3.1933283377916384,
    2.8213234620216565,
    2.498250661752163,
    2.2468450161126943,
    2.1366626146512155,
    2.0718266994525223,
    2.0249012311299643,
    1.950273960064619,
    1.8843216651525252,
    1.9710201605772362,
    1.9238614577513475,
    2.0090963504253287,
    1.9281587539575038,
    1.9364599478550446,
    1.8813429673512776,
    1.9223308868897266,
    1.868843341485048
  ],
  "val_loss": [
    4.915338516235352,
    4.457333374023437,
    4.475737285614014,
    4.519128322601318,
    4.366792964935303,
    3.76218729019165,
    3.774789333343506,
    3.5522101879119874,
    3.464882802963257,
    3.4950717449188233,
    3.5537510395050047,
    3.4083287715911865,
    3.1976150989532472,
    2.9943188190460206,
    2.9022130012512206,
    2.944385290145874,
    2.8536699295043944,
    2.7845707893371583,
    2.8151687145233155,
    2.7810314178466795
  ],
  "learning_rate": [
    0.002,
    0.002,
    0.002,
    0.002,
    0.002,
    0.002,
    0.002,
    0.002,
    0.002,
    0.002,
    0.002,
    0.002,
    0.002,
    0.002,
    0.002,
    0.002,
    0.002,
    0.002,
    0.002,
    0.002
  ],
  "teacher_forcing_ratio": [
    0.5,
    0.475,
    0.45125,
    0.42868749999999994,
    0.40725312499999994,
    0.38689046874999994,
    0.3675459453124999,
    0.34916864804687486,
    0.3317102156445311,
    0.31512470486230454,
    0.2993684696191893,
    0.2844000461382298,
    0.2701800438313183,
    0.25667104163975235,
    0.24383748955776471,
    0.23164561507987647,
    0.22006333432588263,
    0.20906016760958848,
    0.19860715922910904,
    0.18867680126765357
  ]
}