model,test_loss,accuracy,precision_macro,recall_macro,f1_macro,num_samples,seq_len,num_classes
RNN,2.0951695442199707,0.12079207599163055,0.12878983761336701,0.12511741802587317,0.08273432930257027,2523,5,8
LSTM,2.085479259490967,0.10891088843345642,0.03165922619047619,0.12636165577342048,0.030910295058006763,2523,5,8
biLSTM,2.0811309814453125,0.124752476811409,0.0299312265825281,0.12142255892255892,0.04026933353986756,2523,5,8
